,customer_id,order_id,date,prev_charm_count,this_charm_count,prev_bracelet_count,this_bracelet_count,prev_rings_count,this_rings_count
0,CUSTOMER_3,3eb13b90-4668-4257-bdd6-40fb06671ad1,2023-03-28,1.0,5.0,2.0,5.0,3.0,0.0
1,CUSTOMER_18,17fc695a-07a0-4a6e-8822-e8f36c031199,2023-03-26,1.0,4.0,1.0,0.0,3.0,1.0
2,CUSTOMER_17,96da1dac-72ff-4d2a-b86e-cbe06b65a6a4,2023-04-19,2.0,1.0,1.0,2.0,0.0,1.0
3,CUSTOMER_6,1a2a73ed-562b-4f79-8374-59eef50bea63,2023-02-06,2.0,0.0,1.0,2.0,1.0,2.0
4,CUSTOMER_1,1ff49b78-8946-4e85-b59c-de66bacfb3d0,2023-05-28,2.0,4.0,3.0,5.0,3.0,2.0
5,CUSTOMER_18,0bbb2599-11ce-4dd2-b45e-d1f03139d32c,2023-09-14,3.0,2.0,0.0,1.0,0.0,3.0
6,CUSTOMER_8,5d65a441-d588-42de-a2bc-372f7412b293,2023-03-05,2.0,2.0,0.0,5.0,0.0,5.0
7,CUSTOMER_2,88bd6407-2bcf-4e01-a28d-efe39bf00273,2023-10-11,1.0,1.0,3.0,3.0,5.0,5.0
8,CUSTOMER_17,d7c524a5-5304-417f-af42-e12f3838b326,2023-10-26,5.0,1.0,4.0,2.0,3.0,2.0
9,CUSTOMER_2,9132b63e-f162-47e4-a9c3-49e03602f8ac,2023-10-06,0.0,1.0,2.0,3.0,0.0,5.0
10,CUSTOMER_14,3f22faf8-23be-401d-83cf-2fde24933b83,2023-10-17,1.0,4.0,4.0,5.0,2.0,3.0
11,CUSTOMER_18,ff50bde4-3825-47b8-9cab-cc97663f1c97,2023-02-23,1.0,3.0,1.0,0.0,1.0,1.0
12,CUSTOMER_5,98ae4334-6c12-4ce8-ae34-0454cac5b68c,2023-01-25,2.0,3.0,3.0,3.0,5.0,2.0
13,CUSTOMER_17,ae270da7-02f0-4b90-b143-262fdc5c0eed,2023-10-07,1.0,5.0,2.0,2.0,1.0,2.0
14,CUSTOMER_3,74273ca3-287d-46ca-af4c-c69a4b22d308,2023-01-02,4.0,4.0,2.0,4.0,1.0,5.0
15,CUSTOMER_9,9be578c7-81f6-41d4-a392-31a7d777a477,2023-03-19,2.0,2.0,3.0,4.0,5.0,0.0
16,CUSTOMER_19,1ca35cfb-04fc-4d82-bd15-438552fbe43b,2023-05-21,4.0,1.0,5.0,1.0,4.0,0.0
17,CUSTOMER_2,11b7e948-d0e6-4660-bc69-dee1bb5e4bcf,2023-10-23,0.0,1.0,2.0,5.0,1.0,4.0
18,CUSTOMER_5,9b49bd26-df57-459a-8715-a10343dac043,2023-06-14,2.0,4.0,1.0,5.0,0.0,3.0
19,CUSTOMER_11,7394988f-847f-49b4-a64d-1bcb702753a1,2023-02-16,2.0,1.0,5.0,2.0,2.0,4.0
20,CUSTOMER_17,01d74256-3860-4ab6-96a4-02f23ae8cc93,2023-01-28,2.0,0.0,0.0,0.0,0.0,2.0
21,CUSTOMER_2,ab4220a7-474a-493b-bced-df2d839fbc50,2023-07-08,3.0,4.0,5.0,5.0,3.0,4.0
22,CUSTOMER_15,ceb81f9d-7914-4120-88dc-d19f3e351128,2023-06-08,5.0,0.0,1.0,5.0,4.0,2.0
23,CUSTOMER_13,baa4b71a-dd24-47ac-b78e-edb3693dffbc,2023-01-22,3.0,5.0,1.0,0.0,2.0,3.0
24,CUSTOMER_10,3fa7f104-1bf9-4e27-9c96-925eccf3a171,2023-03-16,1.0,4.0,5.0,1.0,3.0,1.0
25,CUSTOMER_8,ec5b227c-dfde-4fbf-bff3-50bf766ecb15,2023-01-30,5.0,4.0,1.0,0.0,2.0,4.0
26,CUSTOMER_0,c0e9ab30-ed26-42e9-97e0-11b7f8102383,2023-04-02,1.0,3.0,0.0,3.0,3.0,3.0
27,CUSTOMER_1,fc3d3348-008d-4127-a104-61e32a25a888,2023-06-01,0.0,3.0,3.0,3.0,4.0,5.0
28,CUSTOMER_15,37bb3eec-4bf5-4b52-b09d-258c27a0c3d7,2023-01-23,3.0,5.0,0.0,0.0,3.0,0.0
29,CUSTOMER_1,eb5cf467-80ba-4d64-ba0e-cfea958ca9ba,2023-07-26,5.0,0.0,3.0,0.0,4.0,0.0
30,CUSTOMER_19,3c365296-dca0-4eec-acda-bacc1165e210,2023-06-06,1.0,4.0,3.0,4.0,3.0,0.0
31,CUSTOMER_19,956b8c0c-a849-4b92-ab52-52e314fcdd54,2023-08-08,3.0,2.0,5.0,1.0,2.0,5.0
32,CUSTOMER_10,21813d25-6552-48a6-83ff-50113d1a85dd,2023-09-18,1.0,2.0,2.0,2.0,0.0,0.0
33,CUSTOMER_14,ff002d4d-9020-49e4-bf9a-b5c29f044aed,2023-02-08,0.0,4.0,0.0,4.0,0.0,1.0
34,CUSTOMER_11,3e896c64-e117-4ac3-919c-4ea3e1805081,2023-05-24,4.0,1.0,3.0,4.0,1.0,4.0
35,CUSTOMER_16,8dfa6a56-d12d-4c9a-aaf9-15310200b1f0,2023-04-27,3.0,0.0,3.0,2.0,1.0,0.0
36,CUSTOMER_17,9ad620ab-4821-4ddb-85b8-9cd927cb6f2a,2023-03-23,5.0,1.0,0.0,5.0,1.0,4.0
37,CUSTOMER_15,d89a40c0-e87d-4c78-a7c4-21c740497b71,2023-01-20,2.0,5.0,3.0,2.0,4.0,0.0
38,CUSTOMER_10,fad409e2-a319-4cb4-a17d-65a0c56811cd,2023-04-12,2.0,5.0,0.0,4.0,0.0,4.0
39,CUSTOMER_0,e21342b0-f1ee-4ba3-9343-2e611ca3c448,2023-09-26,1.0,4.0,0.0,2.0,2.0,4.0
40,CUSTOMER_4,4eea04e7-0ab5-4bde-a0a0-45026e068097,2023-05-22,4.0,2.0,5.0,5.0,2.0,5.0
41,CUSTOMER_3,e256a6dc-8f54-46b7-87b5-b2bc5a8aaeca,2023-06-07,4.0,5.0,0.0,1.0,5.0,1.0
42,CUSTOMER_13,ecab3301-bc8f-4d29-adea-94930658663a,2023-05-10,0.0,5.0,5.0,2.0,1.0,5.0
43,CUSTOMER_3,dbccc477-09e9-4b0a-9f46-529061ee411a,2023-07-02,5.0,1.0,0.0,2.0,0.0,1.0
44,CUSTOMER_7,6601ddd0-3170-4437-a8f7-ef5a060edf5b,2023-05-08,3.0,0.0,4.0,2.0,3.0,4.0
45,CUSTOMER_12,89456f27-d7fa-4d8d-bb2c-a025adf4e62d,2023-05-09,5.0,0.0,2.0,1.0,3.0,2.0
46,CUSTOMER_1,587ef344-6f3f-420c-98b8-e4cc1bc044fc,2023-10-10,2.0,3.0,4.0,4.0,1.0,3.0
47,CUSTOMER_18,b572f3d0-0b5c-4a6a-8135-7e8c30a900ad,2023-06-19,1.0,4.0,4.0,5.0,5.0,1.0
48,CUSTOMER_11,aa0b7b14-f2e9-402d-91e9-cdaa6e6981a3,2023-05-09,5.0,2.0,0.0,0.0,0.0,4.0
49,CUSTOMER_9,6703b636-5380-4904-a88c-7015aab97e49,2023-09-28,1.0,4.0,0.0,1.0,3.0,5.0
50,CUSTOMER_12,2c8d0e44-e71e-43a6-bf85-bf0ead64b56c,2023-08-28,3.0,2.0,5.0,4.0,4.0,2.0
51,CUSTOMER_9,9479e1e6-c927-4d9b-ae0d-264835ce8841,2023-08-24,5.0,2.0,0.0,3.0,4.0,5.0
52,CUSTOMER_6,e6b3c944-cb32-4e35-b922-bac282dc4c8e,2023-11-06,4.0,5.0,5.0,2.0,3.0,5.0
53,CUSTOMER_19,f3b63fe1-d184-4324-97e8-392a55cee5db,2023-10-19,5.0,5.0,0.0,1.0,5.0,1.0
54,CUSTOMER_0,79a28903-fbe3-4b24-beae-00320bd4a990,2023-08-26,1.0,3.0,5.0,5.0,5.0,1.0
55,CUSTOMER_12,25c73c44-3e75-43b4-a64f-a6637e8f8095,2023-09-12,4.0,0.0,5.0,1.0,2.0,5.0
56,CUSTOMER_16,3fcb7546-8eb2-4579-8cdb-1ca476ecbdd6,2023-02-17,1.0,1.0,2.0,5.0,5.0,4.0
57,CUSTOMER_19,e4347d51-c158-4092-b335-cba3513a7052,2023-06-21,0.0,5.0,3.0,3.0,0.0,3.0
58,CUSTOMER_5,7337c599-7984-4388-9c8a-ee30be6033f7,2023-04-11,1.0,5.0,4.0,4.0,1.0,5.0
59,CUSTOMER_7,b6aae05b-13d5-42f7-b09b-7d97464c04af,2023-04-21,0.0,2.0,2.0,2.0,4.0,0.0
60,CUSTOMER_4,b1a6b1f1-620e-49d3-bb33-f3d8269cd696,2023-03-01,3.0,0.0,1.0,3.0,5.0,4.0
61,CUSTOMER_14,d5385b0e-34f3-493c-8ff0-a55c6a702e2f,2023-06-13,0.0,4.0,5.0,4.0,3.0,3.0
62,CUSTOMER_0,c0e3befd-4c71-40fe-9a0c-dd7cf1578470,2023-06-01,5.0,4.0,4.0,4.0,2.0,3.0
63,CUSTOMER_7,076e2bba-7c53-48bf-af92-f25e45df16b6,2023-06-01,0.0,5.0,4.0,3.0,0.0,3.0
64,CUSTOMER_4,06e745f9-88bc-439c-9f4c-3b79fb10987f,2023-06-03,5.0,4.0,5.0,0.0,3.0,5.0
65,CUSTOMER_13,2e85cb21-7631-4e9d-9de9-f86322bd3388,2023-01-20,1.0,3.0,5.0,1.0,1.0,2.0
66,CUSTOMER_10,473bd358-610e-4a64-a130-1617c2dff335,2023-10-20,5.0,2.0,3.0,3.0,5.0,5.0
67,CUSTOMER_17,59970043-f3b1-425b-bff9-f5850d557b61,2023-03-29,4.0,0.0,5.0,0.0,5.0,1.0
68,CUSTOMER_6,2702878b-9f0f-4a8d-8537-9ff6d6d7b3b8,2023-04-03,5.0,3.0,0.0,0.0,5.0,1.0
69,CUSTOMER_14,5e6fea07-c453-4f1d-8199-2fdfb31022f0,2023-03-07,2.0,4.0,3.0,1.0,2.0,0.0
70,CUSTOMER_18,93676a02-4fdc-4e1b-adcb-8cb60692dc63,2023-09-21,1.0,3.0,2.0,0.0,0.0,5.0
71,CUSTOMER_7,4d3485c5-c5c1-4eb4-b27b-3d901a16342c,2023-09-23,2.0,0.0,5.0,0.0,1.0,4.0
72,CUSTOMER_13,8186a576-11a7-4609-9edd-bbbfa9597663,2023-09-09,3.0,0.0,3.0,3.0,3.0,3.0
73,CUSTOMER_11,75b17a55-d426-4982-a43e-4288a2b5b498,2023-10-02,4.0,3.0,1.0,5.0,1.0,5.0
74,CUSTOMER_8,89c5b31a-eb6c-4016-8ee6-24d09dac6e83,2023-10-28,0.0,3.0,5.0,5.0,4.0,2.0
75,CUSTOMER_10,ef43613c-d4aa-49a3-bed8-c56cda09dfa0,2023-02-03,1.0,3.0,4.0,3.0,5.0,4.0
76,CUSTOMER_12,d9d80b8d-7e8a-4ee7-8758-e201561e16d1,2023-05-07,1.0,3.0,5.0,2.0,5.0,2.0
77,CUSTOMER_8,e14eb70d-b380-473a-989d-9d4ae15ca666,2023-04-18,5.0,0.0,2.0,1.0,3.0,1.0
78,CUSTOMER_13,3d85de89-c217-4429-8e20-07247d137018,2023-09-26,1.0,5.0,0.0,3.0,5.0,0.0
79,CUSTOMER_9,3e493f43-b118-468d-a786-d50638ba8abc,2023-04-29,1.0,4.0,1.0,3.0,2.0,4.0
80,CUSTOMER_11,8ce6424d-bef5-4fe6-bf23-3d5f6cedd15d,2023-05-09,2.0,5.0,0.0,2.0,4.0,2.0
81,CUSTOMER_7,50c7c006-314d-4441-b8a6-171f1ee34dc4,2023-02-16,5.0,5.0,3.0,1.0,4.0,5.0
82,CUSTOMER_15,fa02eaec-96ef-4ad6-b97e-670346c8adfe,2023-10-23,2.0,4.0,0.0,0.0,3.0,2.0
83,CUSTOMER_7,039f3a25-4d61-48bd-adef-e1935c62b3a2,2023-10-02,2.0,1.0,2.0,0.0,0.0,4.0
84,CUSTOMER_9,a34b6cf6-2053-4a42-b1af-db65b289f224,2023-10-20,1.0,0.0,3.0,4.0,5.0,3.0
85,CUSTOMER_15,f72ada9b-2f32-451e-9738-811d70c2903f,2023-01-20,5.0,3.0,2.0,0.0,0.0,3.0
86,CUSTOMER_2,0db95301-afbb-411a-a123-5a8c93b7a886,2023-02-28,0.0,4.0,5.0,0.0,0.0,0.0
87,CUSTOMER_17,989bc4da-9b37-422b-aa8a-616fc3b290d0,2023-11-04,3.0,1.0,5.0,3.0,1.0,3.0
88,CUSTOMER_9,6dc7cac7-fd72-4050-96a9-954fdc33e1f9,2023-04-29,4.0,4.0,3.0,4.0,4.0,1.0
89,CUSTOMER_6,2834e4c0-14c8-43b4-a911-d19243bfd931,2023-04-04,3.0,4.0,0.0,1.0,1.0,3.0
90,CUSTOMER_14,4a8ff810-784c-4f29-9804-02a2b07aa066,2023-01-13,4.0,2.0,5.0,5.0,2.0,0.0
91,CUSTOMER_7,ca8f3653-c9af-48f8-83b9-da13ec856f37,2023-08-31,0.0,5.0,2.0,3.0,0.0,4.0
92,CUSTOMER_7,44007d5a-e88d-4719-a624-2b40a5cb63a2,2023-02-25,3.0,0.0,2.0,2.0,4.0,5.0
93,CUSTOMER_18,1fd5a423-706c-4c56-89e2-623debd34616,2023-07-02,0.0,5.0,2.0,2.0,0.0,4.0
94,CUSTOMER_15,0a3450fc-9918-4e46-9497-d6587010f719,2023-06-17,1.0,4.0,1.0,0.0,5.0,1.0
95,CUSTOMER_18,ffe3fa49-054f-42ff-b366-bad4964db03f,2023-10-25,5.0,2.0,4.0,0.0,4.0,3.0
96,CUSTOMER_16,473544f9-ea83-4f00-b135-f221a6c9537f,2023-03-12,1.0,3.0,1.0,3.0,2.0,3.0
97,CUSTOMER_11,ab8ddeb4-5230-4fbd-9553-b2fe6889803e,2023-02-10,4.0,2.0,4.0,5.0,2.0,2.0
98,CUSTOMER_12,0964fbbf-8cd3-41b0-82b0-1cfdd045dd1c,2023-06-26,0.0,2.0,1.0,2.0,5.0,3.0
99,CUSTOMER_16,a85c6e4a-004b-4fab-bcf5-6188d32e6dcd,2023-07-30,5.0,3.0,1.0,1.0,0.0,2.0
100,CUSTOMER_19,71299889-a01a-4992-bf9d-3e64c1a6423b,2023-10-23,3.0,1.0,1.0,4.0,5.0,2.0
101,CUSTOMER_14,1f15c7b6-7c16-428d-b2c0-8394e17f29e1,2023-01-12,5.0,4.0,5.0,5.0,5.0,2.0
102,CUSTOMER_17,17dc8eff-6872-43f9-8d60-593603802b70,2023-03-29,0.0,3.0,0.0,5.0,1.0,3.0
103,CUSTOMER_9,6a5d932b-45ff-4c83-b495-db4e82456fb4,2023-07-07,5.0,1.0,0.0,4.0,1.0,3.0
104,CUSTOMER_6,bf0d073d-821c-4336-9970-cf60ebff8d15,2023-02-23,0.0,2.0,2.0,2.0,2.0,2.0
105,CUSTOMER_0,d664d264-4c6e-47ff-b9de-7a3a486822b9,2023-08-16,5.0,5.0,5.0,1.0,0.0,4.0
106,CUSTOMER_15,c34b9fbb-8d4a-45b8-951a-c8ea585a0afa,2023-07-31,3.0,3.0,4.0,1.0,0.0,4.0
107,CUSTOMER_12,69288e92-c68a-452f-9b23-aa8c3bcabf85,2023-01-17,2.0,5.0,4.0,5.0,3.0,3.0
108,CUSTOMER_4,2051acef-097a-4e10-b6fe-bc0e7ecddbaf,2023-07-15,3.0,2.0,5.0,3.0,4.0,4.0
109,CUSTOMER_14,68f45bce-24e7-4e8e-b8f2-142303edd1f8,2023-09-12,3.0,0.0,4.0,2.0,2.0,4.0
110,CUSTOMER_12,541cdfcd-da0d-4a5f-948f-8b74a65bb1f2,2023-09-19,0.0,3.0,1.0,5.0,5.0,4.0
111,CUSTOMER_1,a193c4b2-3c19-471d-9184-05ad9e11d2cd,2023-09-23,3.0,1.0,0.0,3.0,0.0,5.0
112,CUSTOMER_3,4ca9cf07-b1aa-4f6a-aa96-e1e27194eae2,2023-01-12,1.0,2.0,0.0,2.0,2.0,2.0
113,CUSTOMER_13,697c3923-87fa-441a-be83-b91f25440fe0,2023-08-08,3.0,1.0,2.0,1.0,0.0,4.0
114,CUSTOMER_12,7f671eec-3da7-4577-aee1-e86b9ea556aa,2023-08-15,3.0,1.0,4.0,5.0,2.0,3.0
115,CUSTOMER_8,cdfc6ee0-e61e-4e90-8267-deb3aab612c9,2023-06-30,1.0,5.0,1.0,1.0,4.0,3.0
116,CUSTOMER_11,a3917c99-4c95-4f6a-966b-1964fcd6bdca,2023-06-14,2.0,3.0,2.0,1.0,1.0,3.0
117,CUSTOMER_3,5be4bf51-9269-4698-a1a1-17293cb98350,2023-08-12,5.0,5.0,1.0,0.0,2.0,3.0
118,CUSTOMER_8,af908e3c-dd75-4e98-90e0-b95f0212b554,2023-10-30,3.0,4.0,2.0,2.0,2.0,4.0
119,CUSTOMER_11,9ef2b93e-30ac-4d7b-a2f9-63a33810ae66,2023-04-08,1.0,5.0,3.0,5.0,0.0,5.0
120,CUSTOMER_3,0a17991e-a576-4411-a0a1-1839e7457704,2023-04-30,3.0,0.0,5.0,2.0,1.0,0.0
121,CUSTOMER_9,2cf6bf75-6a5e-4920-bf5a-e7e653a3dd5a,2023-03-19,2.0,4.0,4.0,4.0,0.0,2.0
122,CUSTOMER_5,f1b64afe-d31e-4f1a-a9ff-1cae41c8ca8c,2023-07-07,1.0,5.0,4.0,0.0,3.0,0.0
123,CUSTOMER_4,dc322c97-39c1-4262-b76c-8edec1101266,2023-09-20,2.0,3.0,0.0,2.0,4.0,3.0
124,CUSTOMER_0,746cdb77-1fa3-42e8-895c-cd9943b38eb4,2023-05-24,5.0,5.0,0.0,2.0,2.0,3.0
125,CUSTOMER_11,78b2b549-3bdb-409e-acc2-16a01bbc91f7,2023-01-10,1.0,4.0,2.0,4.0,2.0,5.0
126,CUSTOMER_2,e8cda0cc-76da-4ca0-92e8-2f38a2a9d4d8,2023-09-30,1.0,5.0,5.0,0.0,5.0,0.0
127,CUSTOMER_1,1dba1267-7e1c-45a1-bef5-18a64dead645,2023-02-07,4.0,4.0,0.0,3.0,4.0,2.0
128,CUSTOMER_17,ba0266ef-be05-4787-965b-efdf6b4be411,2023-03-02,0.0,5.0,4.0,3.0,4.0,3.0
129,CUSTOMER_8,379efc6e-5edb-4d3c-b0b6-3bcf08601833,2023-06-22,5.0,1.0,4.0,0.0,2.0,2.0
130,CUSTOMER_17,5bd20c98-a513-4ea0-ba53-e34de6d5901d,2023-01-24,4.0,2.0,1.0,0.0,2.0,0.0
131,CUSTOMER_6,f8999246-98de-4ebb-a3b5-cecea446be72,2023-01-09,1.0,2.0,5.0,1.0,1.0,1.0
132,CUSTOMER_2,350843f0-8de0-4fc2-83e1-5a85d46ef104,2023-08-16,4.0,1.0,2.0,1.0,0.0,0.0
133,CUSTOMER_8,fcce96f6-250a-4578-bbe9-4499dbc080fd,2023-02-20,0.0,2.0,4.0,0.0,5.0,0.0
134,CUSTOMER_4,c9d6a63b-ca3c-4f5f-9bb5-c40c03cde2e3,2023-04-03,5.0,2.0,1.0,1.0,0.0,0.0
135,CUSTOMER_4,1d181ee9-86ad-4a8c-abc4-123ebde13c1b,2023-10-17,3.0,3.0,2.0,2.0,3.0,4.0
136,CUSTOMER_3,f206c269-38b7-4c07-80fb-929673b6a09b,2023-08-27,3.0,5.0,4.0,4.0,0.0,3.0
137,CUSTOMER_0,d8e88ebb-7a9e-4eef-bfa3-61be0f9240e1,2023-06-05,2.0,5.0,4.0,3.0,1.0,0.0
138,CUSTOMER_2,10d08d11-25f9-44bf-9bb9-61555275eb94,2023-02-19,4.0,4.0,4.0,4.0,1.0,5.0
139,CUSTOMER_10,87d292a6-98ee-4c2b-be9f-ecaa6182f347,2023-04-25,5.0,4.0,4.0,3.0,2.0,5.0
140,CUSTOMER_3,e0b15aba-a6a2-4967-a79b-44b6da509fed,2023-10-26,4.0,5.0,4.0,3.0,2.0,1.0
141,CUSTOMER_13,66132e69-7418-4109-93d1-bf0f56c438e4,2023-06-11,4.0,2.0,0.0,2.0,3.0,2.0
142,CUSTOMER_11,ec48bf55-afd3-40c4-a713-582cf41ea3ac,2023-07-04,0.0,0.0,0.0,0.0,2.0,0.0
143,CUSTOMER_11,0f5ae9d3-8e6e-4003-a14f-3f12cfd01cbd,2023-08-16,5.0,4.0,5.0,5.0,5.0,3.0
144,CUSTOMER_11,c012a0ff-f0ed-4303-aa53-c19cdfa4bb9f,2023-06-14,3.0,2.0,1.0,2.0,3.0,0.0
145,CUSTOMER_18,a81fdec3-279c-458a-b676-0ce581e5c9f6,2023-07-07,5.0,0.0,2.0,4.0,4.0,0.0
146,CUSTOMER_8,6dda4f8d-cea6-4f4c-b9e5-8ff092f837d4,2023-08-06,4.0,4.0,2.0,5.0,4.0,0.0
147,CUSTOMER_19,b18753e6-d457-4ad9-a867-a096edd877c8,2023-04-14,1.0,1.0,5.0,5.0,4.0,2.0
148,CUSTOMER_11,24ac2130-deaf-428d-ae70-983801902620,2023-08-08,1.0,3.0,5.0,1.0,3.0,0.0
149,CUSTOMER_2,604e46cb-3712-42d1-87cd-b6a1bf012e32,2023-06-13,3.0,2.0,5.0,2.0,1.0,5.0
150,CUSTOMER_10,98a21f1c-914d-4fae-b100-13a7c6deb2f0,2023-02-02,5.0,1.0,4.0,4.0,1.0,5.0
151,CUSTOMER_2,6c8c3b6a-a974-4079-b16f-da0a45a88829,2023-07-08,4.0,3.0,5.0,2.0,4.0,4.0
152,CUSTOMER_3,4882d73c-1c63-45ab-ae0e-d1e8585d3f86,2023-09-21,0.0,4.0,3.0,4.0,5.0,2.0
153,CUSTOMER_1,996d5c50-fc04-4168-a52f-fb493873e57f,2023-01-22,5.0,1.0,3.0,1.0,1.0,2.0
154,CUSTOMER_9,7f54a511-01fa-464e-9eb7-4b5653ffd3a2,2023-10-18,4.0,1.0,1.0,3.0,5.0,5.0
155,CUSTOMER_7,ab05347f-d556-437d-8f08-81ee8011316b,2023-11-10,1.0,0.0,2.0,5.0,1.0,3.0
156,CUSTOMER_0,dcb33df3-13ee-4dc6-abd1-4d2c75b27455,2023-05-02,5.0,3.0,0.0,3.0,5.0,3.0
157,CUSTOMER_9,f758dce2-0556-4aea-a7b0-32831d7c0098,2023-05-07,5.0,4.0,4.0,5.0,0.0,0.0
158,CUSTOMER_13,6f887f28-3e49-4d09-9b19-d8b8d8302081,2023-08-17,1.0,4.0,1.0,3.0,4.0,5.0
159,CUSTOMER_10,2b0abedd-c774-44cb-9543-fc3c38b8f24e,2023-01-30,8.0,5.0,1.0,4.0,8.0,1.0
160,CUSTOMER_11,d1a69d87-f54e-4019-ba35-844e59e1ac09,2023-09-08,0.0,1.0,5.0,1.0,2.0,1.0
161,CUSTOMER_5,c257cf73-c29d-482b-a722-796e9a36d1ec,2023-09-12,4.0,1.0,1.0,3.0,3.0,4.0
162,CUSTOMER_18,e1cde87f-ec95-4f87-ae5e-c36572eb7474,2023-08-08,3.0,5.0,5.0,2.0,4.0,2.0
163,CUSTOMER_4,71348c2a-780b-4657-917b-355b70944bdb,2023-09-03,2.0,2.0,5.0,0.0,1.0,4.0
164,CUSTOMER_2,09a0a0f6-73b0-4091-b634-c1694f76e388,2023-01-23,1.0,2.0,3.0,5.0,4.0,4.0
165,CUSTOMER_19,949077c2-7674-456f-a26d-719d81cf3252,2023-08-04,0.0,3.0,5.0,5.0,1.0,2.0
166,CUSTOMER_19,f52d4af2-269e-44c9-8059-9b9379c2d2e4,2023-01-25,0.0,0.0,5.0,5.0,0.0,4.0
167,CUSTOMER_5,7010ed13-b526-422d-bf6c-21f70a0537f0,2023-06-20,4.0,4.0,5.0,1.0,3.0,2.0
168,CUSTOMER_9,569f3ab3-c643-4300-a8a5-1c68632dbb5e,2023-09-21,1.0,0.0,0.0,5.0,1.0,0.0
169,CUSTOMER_10,62f5df2b-adaa-44ca-8ed6-ad5e18318aa3,2023-04-21,5.0,5.0,0.0,4.0,1.0,2.0
170,CUSTOMER_2,eaafe543-2434-4678-a9e2-7ba9952e6abb,2023-05-16,0.0,5.0,2.0,3.0,5.0,4.0
171,CUSTOMER_2,a4bbf962-606e-4e1c-8f15-84494f40c22f,2023-11-04,3.0,1.0,5.0,5.0,0.0,4.0
172,CUSTOMER_2,822c4d32-6c64-4c15-aba3-01cba561e1e9,2023-05-21,0.0,2.0,0.0,1.0,3.0,2.0
173,CUSTOMER_15,23377bbc-fffe-47c8-b9fe-b99c31274148,2023-03-02,3.0,2.0,0.0,4.0,4.0,5.0
174,CUSTOMER_16,e05b46c5-5636-4094-a974-31db09a9d1c1,2023-10-25,1.0,1.0,0.0,3.0,4.0,1.0
175,CUSTOMER_5,9feefdff-c566-4a81-b15e-54f6d4d30795,2023-11-11,5.0,5.0,1.0,0.0,1.0,2.0
176,CUSTOMER_7,48f1096d-9c4f-4b46-b1b7-01aaf836f571,2023-10-20,2.0,1.0,4.0,1.0,0.0,3.0
177,CUSTOMER_6,92070158-f277-4f63-ada5-84175e2ad32d,2023-06-21,4.0,2.0,0.0,4.0,1.0,3.0
178,CUSTOMER_5,9acb394a-cd1f-4318-b31f-63fbd11fc8c0,2023-02-23,3.0,0.0,5.0,3.0,2.0,4.0
179,CUSTOMER_3,d9e604b3-8412-4335-988c-656db61e5fdb,2023-02-18,4.0,0.0,3.0,2.0,3.0,4.0
180,CUSTOMER_4,f24823ab-177a-4a5f-affe-33b3d4bf7a4b,2023-03-28,5.0,2.0,1.0,3.0,1.0,3.0
181,CUSTOMER_16,fe9936a3-62db-4850-bc5b-f3a75fbbf0b1,2023-02-01,0.0,1.0,4.0,2.0,1.0,5.0
182,CUSTOMER_10,09ce3cfb-2339-4a19-a563-7cc3ca97ebf5,2023-04-22,5.0,5.0,4.0,5.0,2.0,3.0
183,CUSTOMER_19,04dd7054-1448-43f7-a7e6-46c701582463,2023-04-10,2.0,1.0,5.0,5.0,3.0,4.0
184,CUSTOMER_13,3cd5fd7f-49c1-4669-86b3-3fe61c76bdf6,2023-04-27,0.0,0.0,1.0,3.0,0.0,4.0
185,CUSTOMER_14,e7b7b4c6-d631-4a80-9c61-2ec210142131,2023-07-14,2.0,4.0,0.0,5.0,3.0,4.0
186,CUSTOMER_7,6de299a1-4a90-4d0c-a4c1-73b9b7f28572,2023-01-01,9.0,2.0,3.0,4.0,6.0,1.0
187,CUSTOMER_2,11536e99-5c50-4720-b982-f4e08603156a,2023-07-24,3.0,4.0,3.0,4.0,5.0,3.0
188,CUSTOMER_15,fb25664d-630a-4767-a2bb-522b0b251279,2023-05-25,2.0,5.0,5.0,2.0,1.0,2.0
189,CUSTOMER_7,1a89b71e-a0d5-42c8-a837-fe68bba205ca,2023-10-27,5.0,5.0,2.0,1.0,3.0,2.0
190,CUSTOMER_17,2cd2a404-a48e-40f1-9042-1dfa56ab087a,2023-10-30,1.0,3.0,2.0,5.0,2.0,1.0
191,CUSTOMER_2,752a7d25-f190-4b7e-86b4-69efb74eba93,2023-01-15,4.0,1.0,0.0,1.0,0.0,2.0
192,CUSTOMER_9,d0be73ee-fd37-4539-a5f2-02f983f02dc7,2023-07-30,0.0,2.0,3.0,5.0,1.0,2.0
193,CUSTOMER_11,dda4f4a7-0c3c-4284-87e5-3bbbdcb51c53,2023-09-12,2.0,2.0,2.0,2.0,2.0,3.0
194,CUSTOMER_14,56cb1ab0-62fb-46d7-b4db-ca07e506f670,2023-03-14,4.0,5.0,1.0,2.0,0.0,2.0
195,CUSTOMER_2,6e3c4532-1434-4f62-acac-028cba220065,2023-08-22,1.0,4.0,1.0,2.0,0.0,0.0
196,CUSTOMER_10,7227890e-4e76-433a-8baf-0f5ea9320094,2023-08-23,2.0,1.0,0.0,2.0,1.0,0.0
197,CUSTOMER_11,46494296-6f58-42c3-bf86-cc319d66e815,2023-09-06,4.0,0.0,2.0,5.0,0.0,2.0
198,CUSTOMER_16,28f4e3ce-aded-4a80-bff9-507dcd14a03e,2023-01-13,1.0,4.0,4.0,3.0,2.0,1.0
199,CUSTOMER_2,5dc7b3e6-a529-44ff-874c-c8903c6a3174,2023-05-21,2.0,4.0,1.0,4.0,2.0,5.0
200,CUSTOMER_14,71a6014c-5f3c-44dc-9ef7-87b8f2e6195f,2023-10-24,4.0,4.0,5.0,4.0,3.0,3.0
201,CUSTOMER_10,f5e4a471-3fe6-4c9c-8758-367ba6499cdc,2023-02-14,3.0,5.0,2.0,3.0,1.0,3.0
202,CUSTOMER_17,42a259a6-c664-4285-8303-cbc11e2595b8,2023-10-01,4.0,1.0,0.0,2.0,3.0,1.0
203,CUSTOMER_3,73b911d8-12f5-431a-9a52-d2ee22bf18f5,2023-03-09,3.0,0.0,3.0,2.0,3.0,2.0
204,CUSTOMER_2,e42e5037-4a55-4ea0-8acb-be098ccc9cea,2023-04-27,0.0,5.0,1.0,1.0,3.0,4.0
205,CUSTOMER_7,cac4d0eb-3373-430e-bc31-a5971f119c0f,2023-02-23,4.0,3.0,3.0,2.0,5.0,4.0
206,CUSTOMER_11,8d38bbd8-fba6-4bf7-8dbc-c65377a7e8b7,2023-02-20,1.0,0.0,2.0,2.0,4.0,5.0
207,CUSTOMER_15,68d0a2a8-c4e7-47dd-a929-de738693fd9d,2023-08-12,3.0,1.0,1.0,5.0,0.0,3.0
208,CUSTOMER_14,20da8972-5832-4ee4-8471-b4b0ae1b9f69,2023-10-31,3.0,5.0,2.0,1.0,3.0,3.0
209,CUSTOMER_16,d4d60735-0e2f-4958-9e43-1e06e9247069,2023-02-18,1.0,1.0,5.0,1.0,4.0,2.0
210,CUSTOMER_7,84d67c4f-f0df-4684-b28e-41225894f7f1,2023-04-21,2.0,2.0,2.0,5.0,0.0,2.0
211,CUSTOMER_4,8892042f-9d4b-4bf9-8d85-e9c7a0017720,2023-02-06,2.0,5.0,1.0,4.0,0.0,1.0
212,CUSTOMER_5,e6e987ca-b87b-4384-9fdd-de2ea8a2b7ad,2023-08-24,5.0,4.0,1.0,0.0,0.0,0.0
213,CUSTOMER_18,c4576cc3-35f7-49bc-a6b0-745843c07d43,2023-08-11,5.0,4.0,2.0,0.0,2.0,5.0
214,CUSTOMER_17,4d560a3d-f4e7-469a-a454-09374a27ebf2,2023-07-07,3.0,5.0,5.0,2.0,0.0,0.0
215,CUSTOMER_1,7bf7e1d3-6a66-4fce-b089-fc6d2877f5d9,2023-06-30,4.0,2.0,0.0,1.0,3.0,5.0
216,CUSTOMER_10,586a346a-dc5b-47d1-bcef-1972bbf483ce,2023-06-04,3.0,2.0,2.0,4.0,4.0,2.0
217,CUSTOMER_7,7318b96d-4479-4612-9f5d-988f776abf09,2023-04-07,3.0,0.0,4.0,2.0,0.0,4.0
218,CUSTOMER_13,e6fdd7af-dd84-4acc-b672-94643f8ea40a,2023-03-04,4.0,4.0,2.0,1.0,4.0,3.0
219,CUSTOMER_16,4efc8248-e10b-4a47-bfae-b7487781321e,2023-07-13,5.0,0.0,3.0,4.0,0.0,1.0
220,CUSTOMER_6,0cf0374c-0c74-4c0f-9a57-553995560a2d,2023-04-20,4.0,4.0,1.0,5.0,3.0,2.0
221,CUSTOMER_17,6e51484d-1b84-4dc3-98e0-49de0217ea0e,2023-02-22,5.0,5.0,1.0,3.0,4.0,0.0
222,CUSTOMER_12,31d4ee09-8fd3-4afc-91fd-fa4f0d18ab95,2023-05-21,2.0,2.0,5.0,3.0,1.0,3.0
223,CUSTOMER_17,9f8cc29f-fd35-4c5f-9347-9a3b479bc637,2023-09-22,4.0,0.0,1.0,0.0,4.0,2.0
224,CUSTOMER_10,c14565c7-5d98-4115-b05e-eefe8ece1128,2023-02-26,5.0,4.0,3.0,3.0,3.0,0.0
225,CUSTOMER_1,554227de-b6ad-448b-a314-d0c809f64405,2023-11-09,3.0,4.0,4.0,1.0,0.0,4.0
226,CUSTOMER_4,518b2f21-9cf2-4859-ae6e-2e7253f591dc,2023-03-05,0.0,4.0,3.0,4.0,4.0,4.0
227,CUSTOMER_16,901bcdef-b56f-48ce-bd66-971e88476c56,2023-04-27,0.0,0.0,2.0,2.0,0.0,0.0
228,CUSTOMER_13,e61599c8-cbf8-4f86-8ec3-f970956d80e4,2023-10-09,3.0,0.0,1.0,3.0,4.0,5.0
229,CUSTOMER_18,0d259caa-b8ad-4d87-ba40-45dd93dfd907,2023-08-15,4.0,1.0,0.0,5.0,5.0,3.0
230,CUSTOMER_4,08150147-3e00-480e-ae44-1e21d25864f2,2023-08-11,4.0,1.0,1.0,3.0,0.0,3.0
231,CUSTOMER_4,690e7e62-3432-4ec6-b0c4-a01c69b7c0fa,2023-07-14,5.0,3.0,3.0,5.0,4.0,4.0
232,CUSTOMER_6,a987b218-ff84-4aef-9336-723b8f964685,2023-07-05,2.0,3.0,4.0,1.0,3.0,4.0
233,CUSTOMER_10,c5a11f5c-ad05-4912-9ab2-8d4a8bd88fcd,2023-10-07,3.0,5.0,5.0,4.0,4.0,1.0
234,CUSTOMER_7,3990e2c9-4c6a-40f4-8ede-c44d476cf68c,2023-04-26,1.0,5.0,3.0,5.0,5.0,2.0
235,CUSTOMER_15,ef3a6f27-ef06-4ccb-8f7c-1d59594b2a3a,2023-11-05,4.0,2.0,1.0,4.0,0.0,4.0
236,CUSTOMER_12,d1812f77-6500-4423-baeb-cd19e5508ea2,2023-05-15,5.0,2.0,1.0,2.0,2.0,2.0
237,CUSTOMER_14,7aa4f052-bf51-4362-81a6-4feda7edc8d8,2023-03-25,5.0,4.0,4.0,4.0,1.0,1.0
238,CUSTOMER_3,3d4196fe-963a-4617-bdab-07e79d9d028e,2023-04-05,5.0,5.0,5.0,1.0,0.0,1.0
239,CUSTOMER_1,b7a4c719-548e-4f6b-a9ce-1e4e19a692c9,2023-07-03,2.0,5.0,1.0,0.0,5.0,1.0
240,CUSTOMER_13,e0decc3d-e172-4c83-af5e-4376a723fb72,2023-07-04,1.0,5.0,5.0,2.0,3.0,2.0
241,CUSTOMER_1,a6fd0cb1-16e6-45c0-84cb-294fe86e8e63,2023-08-11,1.0,4.0,1.0,1.0,1.0,1.0
242,CUSTOMER_1,c9b7c9bc-65a1-4fa9-9611-69a1ff46a6bf,2023-07-12,5.0,5.0,0.0,0.0,1.0,2.0
243,CUSTOMER_18,fba57cc8-edaf-4766-9b78-0ede9a4ffc0c,2023-05-11,2.0,3.0,5.0,4.0,1.0,3.0
244,CUSTOMER_4,45d8a6ad-77d0-459e-8114-14f8d9df0d0e,2023-03-16,4.0,2.0,4.0,5.0,4.0,5.0
245,CUSTOMER_8,bc92fd81-039b-458c-afaa-be0bb7f60cdf,2023-05-11,2.0,4.0,0.0,1.0,1.0,4.0
246,CUSTOMER_12,53f30073-83e9-4ef4-ad7d-f5d0d3b59af7,2023-02-03,0.0,5.0,0.0,1.0,3.0,3.0
247,CUSTOMER_10,42c2d2eb-01bf-4e73-bf80-0385ef9240b6,2023-05-29,4.0,3.0,0.0,2.0,1.0,4.0
248,CUSTOMER_18,5c0b9b10-a757-4b10-82f5-25b902ed73ce,2023-09-27,3.0,0.0,0.0,0.0,5.0,2.0
249,CUSTOMER_5,ec50ace4-80a5-4e65-afa2-855967c96204,2023-10-01,2.0,5.0,5.0,5.0,0.0,2.0
250,CUSTOMER_19,22319050-f515-4494-b818-cfd33889936a,2023-07-05,2.0,3.0,0.0,2.0,4.0,5.0
251,CUSTOMER_17,899ac252-c1e1-494a-b888-3058e9ad0e9b,2023-11-08,0.0,1.0,1.0,5.0,1.0,0.0
252,CUSTOMER_16,5c9deee0-b42a-4456-8736-5a84725e134d,2023-01-31,2.0,0.0,2.0,4.0,4.0,1.0
253,CUSTOMER_18,53ff8461-2a1f-4b61-a65c-b9d989628f6e,2023-07-22,1.0,0.0,5.0,1.0,2.0,3.0
254,CUSTOMER_2,cf0671c7-720b-474b-82a7-f586e61d9cde,2023-01-22,1.0,1.0,1.0,3.0,2.0,4.0
255,CUSTOMER_1,ce920136-ac3a-412f-b65e-6cb58f0d5540,2023-04-30,2.0,3.0,5.0,0.0,4.0,4.0
256,CUSTOMER_2,b34c6c73-5833-4b30-ac77-6e950b981ccd,2023-01-25,2.0,0.0,5.0,3.0,4.0,2.0
257,CUSTOMER_13,c40d4874-22ab-4752-84db-5a622e13418d,2023-09-07,2.0,3.0,5.0,3.0,5.0,3.0
258,CUSTOMER_12,a96b3c42-f6d2-4a7b-aec7-6a82148b4376,2023-07-29,5.0,5.0,1.0,0.0,0.0,4.0
259,CUSTOMER_12,fa8dae42-ba54-4920-a099-d18087623997,2023-03-28,4.0,0.0,5.0,3.0,4.0,5.0
260,CUSTOMER_17,d2c7bffb-6118-433b-882c-cd1e6c93a791,2023-03-31,3.0,3.0,5.0,1.0,3.0,1.0
261,CUSTOMER_3,6b535a19-a902-473f-8f39-f648083f64c3,2023-08-27,5.0,1.0,4.0,0.0,3.0,4.0
262,CUSTOMER_1,b40a9181-ac09-4db7-9908-6e477249f62c,2023-01-19,2.0,5.0,1.0,3.0,0.0,1.0
263,CUSTOMER_17,c6ac1b04-dd1d-4cd1-811f-6bf5379ef467,2023-01-22,5.0,4.0,3.0,1.0,5.0,2.0
264,CUSTOMER_18,d18183d1-ac2b-4cfc-85c5-1060991121e7,2023-05-05,4.0,2.0,4.0,5.0,5.0,1.0
265,CUSTOMER_13,8e85140d-0f9a-4b70-8670-7cd64ceda164,2023-08-18,4.0,5.0,3.0,3.0,5.0,3.0
266,CUSTOMER_1,a4b05c89-f10b-4e9c-982b-91eef8e8035b,2023-09-18,4.0,4.0,5.0,5.0,2.0,3.0
267,CUSTOMER_4,c12169db-2f12-4150-a05f-b1eb4cc57e0d,2023-07-28,3.0,1.0,1.0,2.0,5.0,3.0
268,CUSTOMER_1,6aa0426d-f7c0-45f7-a9a5-3b4f8ff8869d,2023-08-05,5.0,1.0,0.0,1.0,5.0,1.0
269,CUSTOMER_10,73253aa3-ec17-4298-943d-f5b3a58e83dd,2023-05-25,1.0,4.0,5.0,0.0,5.0,3.0
270,CUSTOMER_19,12a1fe7d-dfa5-4722-8a1f-c9df9a591974,2023-03-15,3.0,5.0,0.0,4.0,5.0,3.0
271,CUSTOMER_6,4d9dbaeb-553d-4625-a833-4da5de95d695,2023-01-06,4.0,1.0,4.0,5.0,3.0,1.0
272,CUSTOMER_19,ea45ba41-6589-4da1-b45a-f934b42a2d93,2023-04-03,5.0,2.0,0.0,3.0,0.0,4.0
273,CUSTOMER_11,8347f1da-5c11-4b6d-82f5-b3f54ef4c34d,2023-07-13,4.0,0.0,0.0,2.0,0.0,2.0
274,CUSTOMER_10,dd34aa18-9001-4ed4-8bb4-01e769f753f1,2023-03-27,4.0,0.0,1.0,4.0,4.0,4.0
275,CUSTOMER_13,54720d2d-3239-4ffb-a704-6f254b91b8cb,2023-03-31,4.0,4.0,3.0,3.0,5.0,5.0
276,CUSTOMER_10,7d1645a0-d253-4966-836b-9a0a41e02a89,2023-10-09,1.0,5.0,4.0,3.0,3.0,5.0
277,CUSTOMER_11,8bea75c1-b866-47aa-a3d4-526b2b54ff7a,2023-07-09,1.0,4.0,1.0,0.0,3.0,0.0
278,CUSTOMER_2,0c6b7074-ab10-4c9b-9168-2e09f1f7d904,2023-10-24,1.0,3.0,5.0,5.0,4.0,0.0
279,CUSTOMER_4,74bd0c93-8177-4661-b7fe-032c02571851,2023-05-25,2.0,4.0,5.0,5.0,5.0,3.0
280,CUSTOMER_15,8d388327-883f-43c6-81b1-58e90406ff44,2023-06-09,0.0,0.0,5.0,5.0,2.0,4.0
281,CUSTOMER_9,b2a6e468-d02b-4243-8091-3ac10463750e,2023-09-19,2.0,1.0,3.0,0.0,2.0,1.0
282,CUSTOMER_7,409e7a80-86c5-41d6-9ea9-f50831227592,2023-05-18,0.0,3.0,2.0,2.0,4.0,3.0
283,CUSTOMER_18,39d1c7ff-b27e-4442-bd7f-e9733e42df5b,2023-04-27,2.0,0.0,4.0,5.0,1.0,0.0
284,CUSTOMER_12,79db7862-8d7d-4772-a08e-2f5c61177270,2023-01-22,2.0,0.0,3.0,0.0,2.0,3.0
285,CUSTOMER_10,f94d8fcb-dba3-496f-ba32-3f6990dbfad6,2023-02-07,1.0,0.0,5.0,1.0,1.0,3.0
286,CUSTOMER_8,af36b8cc-1308-4974-ac95-b3ac0beb7c34,2023-04-19,0.0,4.0,1.0,0.0,1.0,2.0
287,CUSTOMER_0,24e9bcfd-9647-4f9f-b508-507af622d842,2023-10-20,4.0,0.0,3.0,1.0,2.0,1.0
288,CUSTOMER_18,ad5229dd-639f-4471-9975-0f00d5aba8ae,2023-07-29,0.0,3.0,1.0,5.0,3.0,4.0
289,CUSTOMER_11,3b6dca0d-6fe5-440b-9901-ef870dbf0caf,2023-01-30,2.0,4.0,0.0,4.0,2.0,2.0
290,CUSTOMER_0,fe1a1ba9-c896-4c5b-85f8-c28da255e1bb,2023-06-24,5.0,1.0,3.0,4.0,0.0,3.0
291,CUSTOMER_5,614c721d-a921-4b4c-95fb-e976ae007b7e,2023-02-03,3.0,2.0,3.0,5.0,2.0,0.0
292,CUSTOMER_8,c8ad0899-b630-494d-a147-adeb277b0667,2023-09-04,5.0,5.0,3.0,2.0,3.0,0.0
293,CUSTOMER_2,71da35b9-4eea-4db8-b165-d77901547950,2023-05-20,5.0,0.0,3.0,0.0,4.0,3.0
294,CUSTOMER_14,68759545-832f-42c4-8e03-70cf8e969227,2023-02-10,4.0,0.0,4.0,4.0,1.0,4.0
295,CUSTOMER_19,629ef3d8-dd1c-4267-930d-dda6c8d0f9e5,2023-01-05,4.0,3.0,6.0,0.0,8.0,1.0
296,CUSTOMER_18,6177a771-af70-4e70-ab69-c95e85671b58,2023-03-07,3.0,2.0,0.0,2.0,1.0,1.0
297,CUSTOMER_2,6bcd5ce7-46a5-4fe8-af46-f1b12ace1aa9,2023-04-27,5.0,0.0,1.0,2.0,4.0,5.0
298,CUSTOMER_15,75366b9f-320f-42c0-9dde-01889803b22e,2023-02-11,4.0,2.0,0.0,3.0,2.0,4.0
299,CUSTOMER_12,70b27304-545c-488d-9cb9-075ecdd7f460,2023-05-10,0.0,5.0,2.0,1.0,0.0,2.0
300,CUSTOMER_19,7aa061e9-336b-40cb-b1fe-ad13f280df1d,2023-05-03,2.0,3.0,0.0,2.0,2.0,3.0
301,CUSTOMER_18,60452909-536d-47d7-be0f-84cec82f78fd,2023-04-19,5.0,2.0,1.0,4.0,3.0,4.0
302,CUSTOMER_17,8cd34c62-c482-4b71-ae84-b81c2e0fb5b3,2023-01-11,4.0,5.0,2.0,3.0,3.0,5.0
303,CUSTOMER_2,cb881c32-cbb0-4a8b-9908-a121d1a7ba20,2023-06-08,1.0,3.0,0.0,5.0,5.0,1.0
304,CUSTOMER_8,6c521d13-b719-4b68-a775-ee42a89e22f2,2023-11-03,4.0,0.0,2.0,4.0,4.0,4.0
305,CUSTOMER_12,eb9ed274-ec6a-47ad-81b1-5db988cc4d49,2023-09-26,3.0,4.0,5.0,2.0,4.0,4.0
306,CUSTOMER_2,a85894df-3f8c-4097-84da-2c2e1bffa279,2023-09-16,2.0,1.0,2.0,4.0,4.0,4.0
307,CUSTOMER_12,f73936e9-54e3-4579-80af-d193f780ef2f,2023-11-06,1.0,0.0,5.0,0.0,1.0,1.0
308,CUSTOMER_16,949cd8d4-8ed8-480d-84cf-ee39bf31c29f,2023-09-25,2.0,1.0,2.0,2.0,2.0,3.0
309,CUSTOMER_18,584fc85b-2697-484d-801e-8690b0c07fcc,2023-01-10,7.0,0.0,4.0,3.0,1.0,0.0
310,CUSTOMER_4,7490adeb-57d3-47d3-8fd8-0bbb592c1107,2023-11-01,3.0,4.0,1.0,2.0,5.0,0.0
311,CUSTOMER_14,51a40d2a-73d3-4457-b25f-13dfb8d49848,2023-01-27,3.0,0.0,5.0,0.0,1.0,5.0
312,CUSTOMER_3,ee0f65a8-2a13-4c1f-8cd0-15c1ad5900dd,2023-10-15,5.0,4.0,2.0,4.0,2.0,2.0
313,CUSTOMER_17,3b5ae288-7649-4e64-b55d-ce6d6d268b37,2023-11-06,4.0,5.0,2.0,1.0,4.0,5.0
314,CUSTOMER_13,9d361cb6-bcc5-4be0-8779-250a6544e313,2023-03-18,2.0,4.0,1.0,3.0,4.0,5.0
315,CUSTOMER_6,b4299924-c098-4750-8741-9b4834ae4abd,2023-11-11,4.0,4.0,5.0,4.0,1.0,2.0
316,CUSTOMER_10,43299780-1d2c-4721-b522-0646327375bf,2023-09-18,2.0,4.0,2.0,2.0,0.0,3.0
317,CUSTOMER_19,591196dc-1d3e-403a-9645-f0e4647dc392,2023-05-17,3.0,4.0,2.0,5.0,3.0,4.0
318,CUSTOMER_18,502cf0ee-224a-46a6-ac0f-680115b24e1d,2023-02-15,2.0,2.0,3.0,1.0,4.0,5.0
319,CUSTOMER_4,98af5cca-6b11-47cb-a372-542482c56b21,2023-02-23,2.0,3.0,3.0,1.0,2.0,5.0
320,CUSTOMER_17,ee4205ee-a52f-43ec-ab4e-2281b184d1fc,2023-03-09,5.0,1.0,3.0,2.0,3.0,1.0
321,CUSTOMER_10,0db977a9-9e91-471c-b374-ccbfd78c57d3,2023-05-20,0.0,3.0,0.0,1.0,0.0,4.0
322,CUSTOMER_16,af4847f0-68bd-475b-beb6-581ea72f947d,2023-07-10,3.0,5.0,4.0,3.0,0.0,0.0
323,CUSTOMER_18,38749f3c-c2d4-4b56-8bbe-d98007e67cb0,2023-04-24,2.0,2.0,4.0,4.0,4.0,1.0
324,CUSTOMER_14,c4134dc2-c5c5-4e8a-be15-ad1290ce77e9,2023-07-12,4.0,4.0,2.0,4.0,1.0,2.0
325,CUSTOMER_17,8ac35ac4-5dea-4737-bdab-3441d2c2a960,2023-10-21,4.0,5.0,2.0,4.0,0.0,3.0
326,CUSTOMER_3,c0582da5-a757-475b-947f-83b1bc69c155,2023-04-07,5.0,0.0,1.0,2.0,1.0,0.0
327,CUSTOMER_14,c68fcba5-1e0d-42b5-be74-02cddd83ad03,2023-11-12,2.0,1.0,1.0,5.0,0.0,5.0
328,CUSTOMER_19,9dbc15c0-2a7d-457c-ad9c-5b50a1fd4187,2023-02-24,0.0,1.0,3.0,4.0,0.0,4.0
329,CUSTOMER_8,52daf681-2b1a-476c-89ec-bc5198cbaa52,2023-10-01,0.0,2.0,5.0,2.0,4.0,5.0
330,CUSTOMER_3,c9230c64-c006-4b5b-b678-39b222b5f457,2023-06-09,4.0,2.0,5.0,1.0,3.0,1.0
331,CUSTOMER_4,3f5fbf4f-d417-4230-9274-ee11b61df906,2023-10-23,3.0,3.0,2.0,1.0,4.0,5.0
332,CUSTOMER_8,73b5bad5-600b-4b35-aa0a-a7d5a0b85755,2023-01-30,4.0,0.0,0.0,4.0,4.0,5.0
333,CUSTOMER_11,53c93ae7-7cf0-4bb3-b343-d9eb7466ef02,2023-08-15,3.0,5.0,1.0,5.0,0.0,5.0
334,CUSTOMER_11,88d00abd-cbb1-4c79-9036-708dd9a09007,2023-06-04,1.0,3.0,4.0,3.0,4.0,2.0
335,CUSTOMER_9,216e9fe5-93f3-4596-8c1c-8b0556771f36,2023-08-08,2.0,2.0,5.0,0.0,2.0,0.0
336,CUSTOMER_14,db8f0e32-edef-4003-9fce-01e3042b03ca,2023-03-03,2.0,3.0,3.0,3.0,5.0,5.0
337,CUSTOMER_4,28b2bf21-4d47-4ed6-a666-3769e1d46f82,2023-04-17,3.0,5.0,4.0,2.0,4.0,2.0
338,CUSTOMER_5,4e35da80-a027-4a18-a576-a4100d41ee47,2023-10-09,3.0,3.0,3.0,0.0,3.0,0.0
339,CUSTOMER_6,97fb613a-21f8-4d06-93f3-cade7a10013f,2023-03-29,1.0,5.0,5.0,0.0,0.0,5.0
340,CUSTOMER_10,dc3f42e0-fcf7-4842-9edf-3bfad12e0eb5,2023-06-14,2.0,3.0,4.0,1.0,2.0,0.0
341,CUSTOMER_3,e1887eaf-5e18-45c3-9037-cd6b1a6b6a7d,2023-04-27,0.0,3.0,1.0,5.0,2.0,1.0
342,CUSTOMER_2,9c3de1b0-022b-4683-9033-da6587cf63fd,2023-09-10,2.0,3.0,4.0,5.0,1.0,5.0
343,CUSTOMER_4,afc2ccfc-9db7-484b-a965-d1d1eb7e2e64,2023-06-21,0.0,0.0,3.0,1.0,0.0,4.0
344,CUSTOMER_12,50834fef-6dec-4bbd-b697-77a159fe3d53,2023-11-04,4.0,1.0,4.0,5.0,5.0,1.0
345,CUSTOMER_17,9b8b38ae-b89f-4a92-999a-1d8699db1302,2023-04-21,1.0,5.0,5.0,1.0,3.0,4.0
346,CUSTOMER_16,4ba8a4ca-6449-4b6f-bf72-ae52304b2370,2023-09-08,1.0,1.0,1.0,3.0,4.0,1.0
347,CUSTOMER_15,873dc8bd-122d-47be-980b-c81ea3595d1f,2023-01-05,2.0,2.0,1.0,3.0,4.0,3.0
348,CUSTOMER_11,c34201db-2c3a-4cdc-aed5-4a468bde005b,2023-07-02,0.0,0.0,0.0,0.0,0.0,2.0
349,CUSTOMER_6,f2dcb12b-0f7a-4302-ac2e-28150a3217d2,2023-11-03,4.0,4.0,4.0,5.0,1.0,3.0
350,CUSTOMER_13,a3fa4069-1519-4d38-a6fb-a71db3a9dcaa,2023-07-28,3.0,4.0,1.0,2.0,0.0,2.0
351,CUSTOMER_2,f96c9a0a-3404-402a-abc1-bb5282e4dd4a,2023-11-10,1.0,4.0,5.0,3.0,4.0,5.0
352,CUSTOMER_2,bade8d5d-6fff-45cc-b2dc-6c344f67448e,2023-04-03,2.0,1.0,4.0,3.0,0.0,3.0
353,CUSTOMER_19,aa8430f8-4f2d-4233-8e16-5b129bdc70d1,2023-10-16,0.0,5.0,2.0,0.0,3.0,5.0
354,CUSTOMER_4,7f14eafa-29f0-4f7c-82e7-df89b3957a98,2023-05-15,5.0,4.0,2.0,1.0,2.0,1.0
355,CUSTOMER_8,c57c7498-1e38-4711-a2ec-13f4bba1aed9,2023-01-12,5.0,3.0,4.0,4.0,1.0,2.0
356,CUSTOMER_18,7487d772-7f03-46fa-93ba-dc91a0a5fde6,2023-07-18,0.0,0.0,4.0,4.0,0.0,2.0
357,CUSTOMER_5,e4eec67c-1a57-49e4-85f8-e2f8414f4994,2023-08-11,0.0,5.0,4.0,1.0,2.0,0.0
358,CUSTOMER_1,3e9aec86-0325-4fbd-9ce8-e1c5dbd30aec,2023-01-18,4.0,2.0,3.0,1.0,4.0,0.0
359,CUSTOMER_17,bd9c4693-b6ca-4127-a9f8-7970cd98f9e2,2023-09-12,4.0,1.0,4.0,1.0,5.0,5.0
360,CUSTOMER_10,92502e59-13f0-4822-9374-8a1145712959,2023-05-25,4.0,4.0,0.0,0.0,3.0,1.0
361,CUSTOMER_16,66a302d6-f43e-4c48-8bc1-f9e5fb3df063,2023-01-27,2.0,2.0,4.0,2.0,4.0,4.0
362,CUSTOMER_14,4aa5f9d3-335f-4f59-9e71-7fca020a4497,2023-08-07,5.0,5.0,3.0,1.0,0.0,2.0
363,CUSTOMER_18,c5c9fb91-ff6e-49ed-be4c-e29ff8cbab4c,2023-10-29,5.0,5.0,1.0,1.0,5.0,0.0
364,CUSTOMER_13,58af393c-8aa2-44c9-bba5-bd76061efb95,2023-09-04,4.0,2.0,5.0,5.0,4.0,5.0
365,CUSTOMER_9,fbad793f-87a1-4c02-b487-9e411a9c672a,2023-04-03,5.0,3.0,5.0,1.0,0.0,0.0
366,CUSTOMER_1,d872f72e-e5b4-41ae-bb41-c943ebd8a3b1,2023-07-21,3.0,5.0,3.0,3.0,5.0,4.0
367,CUSTOMER_3,d1e91691-a320-4116-a22d-f6a48163b6ce,2023-06-03,5.0,4.0,1.0,0.0,5.0,5.0
368,CUSTOMER_4,d9d57b02-42d0-4d55-8aab-47b23c9d128a,2023-05-03,3.0,5.0,3.0,2.0,4.0,2.0
369,CUSTOMER_7,22d839d3-33e4-4986-b18c-ccdc131eb723,2023-10-30,5.0,0.0,1.0,0.0,2.0,3.0
370,CUSTOMER_14,893259f3-1ee8-4a4c-a811-34e250647c59,2023-05-20,5.0,3.0,5.0,3.0,5.0,0.0
371,CUSTOMER_2,4de1087b-afa1-4a55-8ebe-abaa28597b34,2023-10-01,5.0,0.0,0.0,2.0,0.0,0.0
372,CUSTOMER_7,837217e0-6570-46ea-9b11-f51ff7e9101d,2023-01-20,0.0,2.0,4.0,1.0,3.0,3.0
373,CUSTOMER_14,3ff6579e-8cd4-490a-bf82-11bc8e52fc42,2023-02-06,0.0,0.0,3.0,0.0,4.0,0.0
374,CUSTOMER_7,668c879b-d2dc-42c8-b2b8-d8aa21768dd7,2023-05-25,3.0,5.0,2.0,0.0,3.0,4.0
375,CUSTOMER_8,0594b24f-1332-4c31-9010-318aeadc9960,2023-01-26,0.0,5.0,2.0,1.0,5.0,2.0
376,CUSTOMER_3,0cf697a5-7603-436c-b139-4e3c0aee2557,2023-03-07,3.0,3.0,3.0,3.0,5.0,3.0
377,CUSTOMER_13,e886a011-36f7-426c-9a9c-06792c3d17e2,2023-03-14,3.0,2.0,1.0,1.0,1.0,4.0
378,CUSTOMER_19,4b8c031f-a5b4-4983-beeb-c04a9df2372e,2023-07-13,3.0,4.0,2.0,0.0,5.0,2.0
379,CUSTOMER_12,a484e035-330f-4aa3-ab52-f93c2321e64e,2023-11-06,0.0,1.0,0.0,4.0,1.0,3.0
380,CUSTOMER_11,7c13f47a-c80c-4195-8b65-84ce7acc9970,2023-05-14,5.0,4.0,2.0,3.0,2.0,1.0
381,CUSTOMER_0,07806e71-3811-4519-98dc-9e0b51a1f5df,2023-11-11,5.0,0.0,4.0,4.0,3.0,4.0
382,CUSTOMER_7,3f738f50-19a2-476f-a8dd-2bfdf956be95,2023-09-13,5.0,2.0,4.0,5.0,3.0,1.0
383,CUSTOMER_18,636fa890-cc21-4bdb-bb8f-e8c4d8b48ead,2023-05-18,3.0,1.0,4.0,4.0,3.0,5.0
384,CUSTOMER_11,b4157cea-0738-4ba4-9770-a3dbe9fa97e2,2023-09-30,4.0,4.0,2.0,1.0,0.0,1.0
385,CUSTOMER_15,7d8d3ddd-2cf1-49cb-8f1e-1a378ac8ad93,2023-01-15,2.0,0.0,3.0,4.0,3.0,0.0
386,CUSTOMER_16,eafb3e90-54ec-44ce-802c-cb257a5d7c82,2023-08-27,4.0,1.0,4.0,5.0,5.0,2.0
387,CUSTOMER_1,b466fab6-962c-44dd-a5d0-7461059c1574,2023-02-25,3.0,4.0,1.0,0.0,2.0,5.0
388,CUSTOMER_12,4d407b28-5628-4dcd-99dd-3e8c96053035,2023-05-06,3.0,1.0,0.0,5.0,0.0,5.0
389,CUSTOMER_10,8fddbebc-f7ff-48d4-b509-f08a2c988bca,2023-09-27,0.0,2.0,3.0,5.0,3.0,1.0
390,CUSTOMER_12,4b657bcc-b041-4f19-bbe7-18354e8bf78a,2023-02-19,3.0,5.0,3.0,5.0,0.0,3.0
391,CUSTOMER_18,5176a9d1-9a36-44d6-ae9c-e8ff084a3c4b,2023-11-11,3.0,1.0,1.0,4.0,0.0,3.0
392,CUSTOMER_4,3ced4d1f-13eb-42c9-bece-d21a54c7743b,2023-05-15,4.0,1.0,1.0,0.0,1.0,5.0
393,CUSTOMER_10,35adde88-43e4-4668-82ea-d2df725656e3,2023-04-07,0.0,2.0,4.0,0.0,4.0,0.0
394,CUSTOMER_12,f8170ebf-6b6e-44c5-bb8a-a843702f31e5,2023-03-06,2.0,3.0,3.0,2.0,2.0,3.0
395,CUSTOMER_3,dd326d9c-c9ea-456a-babf-cebfd42cb1ae,2023-08-13,5.0,5.0,0.0,1.0,3.0,0.0
396,CUSTOMER_1,42d943ee-5197-4e75-8523-d4fd4b7f2183,2023-02-10,2.0,2.0,5.0,3.0,5.0,5.0
397,CUSTOMER_2,fa60ede1-e5eb-472d-b11c-0ac58c0b393a,2023-02-06,4.0,4.0,3.0,3.0,5.0,3.0
398,CUSTOMER_5,2837f418-6f27-41b9-a3c6-dedb9b792afa,2023-01-21,3.0,2.0,2.0,1.0,5.0,5.0
399,CUSTOMER_17,8a45a905-badf-4397-acf2-6429b8d77d2f,2023-04-14,1.0,2.0,3.0,1.0,1.0,0.0
400,CUSTOMER_12,7daec949-d700-4461-8cb6-b0ba925f8199,2023-03-01,5.0,2.0,3.0,3.0,4.0,2.0
401,CUSTOMER_19,06969d48-18d4-4238-b31d-e35c7af6cd41,2023-03-22,3.0,5.0,5.0,0.0,1.0,0.0
402,CUSTOMER_9,7d3572cc-788f-40cd-a5c0-6b93c8edabdd,2023-09-14,2.0,0.0,2.0,4.0,3.0,1.0
403,CUSTOMER_11,2fc3e649-5e91-4b91-a1a6-6444e2afa629,2023-06-23,1.0,2.0,1.0,3.0,5.0,1.0
404,CUSTOMER_8,c0927b74-26b0-4ff6-8fc7-9913907276ea,2023-09-28,5.0,0.0,2.0,5.0,5.0,4.0
405,CUSTOMER_13,3a3e46b0-96f8-4ff7-81a7-2883f8802878,2023-08-03,4.0,3.0,2.0,3.0,2.0,5.0
406,CUSTOMER_15,79ec533c-3c53-490e-a1b4-1171929d674d,2023-04-27,0.0,3.0,5.0,4.0,3.0,4.0
407,CUSTOMER_18,25bf213d-9eca-481b-bb95-d0fcad72ed05,2023-02-16,2.0,1.0,1.0,1.0,5.0,1.0
408,CUSTOMER_1,aee14f87-fcff-49e3-940f-f5896c624c2c,2023-06-19,5.0,5.0,4.0,4.0,4.0,2.0
409,CUSTOMER_2,65b90e94-8e6d-4263-a35a-775d16476e3f,2023-08-03,4.0,2.0,4.0,3.0,3.0,5.0
410,CUSTOMER_19,6b6a8061-c81c-4d31-85c6-9fbf966b62ea,2023-02-13,0.0,1.0,1.0,4.0,2.0,4.0
411,CUSTOMER_3,c7903dc5-900c-4af7-9b0a-e22eecc817a6,2023-02-09,3.0,4.0,2.0,3.0,3.0,3.0
412,CUSTOMER_15,099759a3-7919-455c-9be4-f19f92701d60,2023-03-08,2.0,3.0,4.0,4.0,5.0,5.0
413,CUSTOMER_12,e1035e1c-e3bb-42ae-a552-ac5309eda6f5,2023-05-09,0.0,0.0,1.0,2.0,2.0,0.0
414,CUSTOMER_10,4f9a5f98-4d95-4273-8b2c-c805d1403430,2023-04-19,5.0,5.0,3.0,0.0,2.0,1.0
415,CUSTOMER_9,c626e38f-716f-4276-be64-ac2af96671a5,2023-05-05,5.0,5.0,4.0,4.0,4.0,0.0
416,CUSTOMER_6,d2efa93b-e9d6-4b7e-b61d-b014711456de,2023-06-08,4.0,4.0,5.0,0.0,0.0,1.0
417,CUSTOMER_2,67443fb8-81bd-45d5-b5a6-571c4fa5c35e,2023-02-22,1.0,4.0,0.0,1.0,5.0,1.0
418,CUSTOMER_1,0cf173f9-74d9-41f5-8877-58043fde9814,2023-05-20,0.0,2.0,1.0,3.0,4.0,3.0
419,CUSTOMER_3,5f59fb4d-3def-47ba-87d2-fd4dae61716a,2023-07-09,1.0,3.0,2.0,3.0,1.0,4.0
420,CUSTOMER_11,e4fd6c34-d670-4a21-a9dc-073e5820b3f2,2023-04-11,5.0,2.0,5.0,3.0,5.0,1.0
421,CUSTOMER_18,db6ba39b-36dd-4529-b704-d72fc7a2f280,2023-03-27,4.0,1.0,0.0,1.0,1.0,5.0
422,CUSTOMER_13,c7c1fb1b-dd58-431b-8522-26b983666636,2023-10-26,1.0,0.0,3.0,1.0,0.0,1.0
423,CUSTOMER_19,409ca8f2-3948-4e22-822a-addacd0579e2,2023-08-25,2.0,5.0,1.0,2.0,5.0,3.0
424,CUSTOMER_11,7779857f-37dc-4c78-8082-fcda7580e4e9,2023-04-28,2.0,4.0,3.0,3.0,1.0,0.0
425,CUSTOMER_0,f76b9723-a990-4071-bfda-9a9382f29004,2023-05-26,5.0,5.0,2.0,4.0,3.0,2.0
426,CUSTOMER_3,fd053963-5616-4f7e-9057-a0027b53359e,2023-04-18,3.0,2.0,2.0,2.0,1.0,5.0
427,CUSTOMER_9,c3f62136-846d-4a3b-a661-c42630385dd7,2023-04-04,3.0,4.0,1.0,5.0,0.0,5.0
428,CUSTOMER_4,7f53d344-a7c8-44e4-8684-3c86b8a60402,2023-04-25,4.0,3.0,5.0,3.0,5.0,4.0
429,CUSTOMER_18,b9ff2c29-57d9-4bb0-b09e-47bad0e656e5,2023-10-05,0.0,5.0,0.0,5.0,2.0,5.0
430,CUSTOMER_11,2b843ef3-d86d-455d-8cd9-916481df62f4,2023-09-13,2.0,1.0,2.0,0.0,3.0,1.0
431,CUSTOMER_8,c34e9baf-8f1c-42cc-8eef-9fa8b9a5d4d0,2023-03-13,3.0,2.0,2.0,0.0,5.0,2.0
432,CUSTOMER_7,6ba4170b-4e9d-43e9-9f16-2ec3be848aa2,2023-11-03,1.0,2.0,4.0,4.0,3.0,3.0
433,CUSTOMER_3,a267d32f-ddcb-44bc-8dbd-c5da787515b9,2023-08-15,5.0,4.0,1.0,3.0,0.0,4.0
434,CUSTOMER_3,87a37f10-61b5-42ed-ae42-3568de14553b,2023-04-26,2.0,0.0,2.0,1.0,5.0,2.0
435,CUSTOMER_13,e8184f34-e491-4f7d-91c4-6efcfcb896bb,2023-06-27,3.0,2.0,1.0,0.0,5.0,2.0
436,CUSTOMER_5,0134e76b-0ed9-4a95-a26e-865b503be788,2023-06-25,4.0,1.0,1.0,4.0,2.0,3.0
437,CUSTOMER_2,a22c3d4f-6f07-460f-9d4e-8b5d2120bfba,2023-06-16,2.0,3.0,2.0,3.0,5.0,0.0
438,CUSTOMER_17,f337b261-5f83-42d5-bb0c-7919330ccff5,2023-01-06,5.0,4.0,3.0,0.0,10.0,0.0
439,CUSTOMER_7,58274e80-e082-4918-b18a-d67d39ec8ca1,2023-05-02,5.0,0.0,5.0,4.0,2.0,2.0
440,CUSTOMER_5,4c56fb8f-0bb4-42b3-92e7-6deb10b6a662,2023-04-23,1.0,5.0,1.0,4.0,4.0,2.0
441,CUSTOMER_13,2240063b-fed7-47be-afd0-d2f7e3524444,2023-05-14,5.0,2.0,2.0,1.0,5.0,0.0
442,CUSTOMER_7,2196b3b5-fc21-409b-ba27-bc64396d1ffb,2023-03-24,3.0,4.0,2.0,1.0,5.0,2.0
443,CUSTOMER_1,417b6634-a3ec-452c-a065-3245600c9c71,2023-10-27,3.0,4.0,4.0,4.0,3.0,5.0
444,CUSTOMER_3,0c5921f8-050d-4bfe-960b-f603a750350e,2023-09-25,0.0,3.0,2.0,3.0,0.0,4.0
445,CUSTOMER_8,349b5089-2733-4670-b3ad-a2ba797209c0,2023-09-27,5.0,5.0,2.0,2.0,0.0,5.0
446,CUSTOMER_3,9f6facc1-451d-48fe-8532-fc74a9987bdf,2023-08-24,5.0,3.0,3.0,4.0,1.0,0.0
447,CUSTOMER_9,7f6bd3c6-1b34-4937-88e6-09391d2fed2a,2023-03-19,4.0,1.0,4.0,4.0,2.0,2.0
448,CUSTOMER_13,8c52d271-0a16-4e18-a90e-3e894b9c22f4,2023-07-12,5.0,5.0,2.0,2.0,2.0,0.0
449,CUSTOMER_0,1c453357-e829-4a67-96c8-e3d7abf0263e,2023-08-11,2.0,3.0,2.0,0.0,2.0,0.0
450,CUSTOMER_3,3b2d520b-a4f3-4185-8182-2509e79f9f3d,2023-06-27,2.0,2.0,0.0,0.0,4.0,1.0
451,CUSTOMER_1,cd3566ef-5c37-4739-8a62-9c5eda2cf852,2023-09-20,4.0,3.0,5.0,0.0,3.0,0.0
452,CUSTOMER_4,54231dbe-2ba6-4158-a5ae-cf37a9d1a28e,2023-05-19,1.0,4.0,0.0,5.0,5.0,2.0
453,CUSTOMER_10,6676cc75-6699-4af5-9d24-181c2ed087d4,2023-06-27,0.0,3.0,3.0,3.0,2.0,1.0
454,CUSTOMER_3,0f037337-b9f6-443b-b238-305621ec4754,2023-03-03,4.0,3.0,2.0,3.0,3.0,5.0
455,CUSTOMER_14,c7774fae-6137-48c3-9c7f-aca62e671784,2023-05-20,3.0,0.0,3.0,5.0,0.0,3.0
456,CUSTOMER_15,70d0ebcb-6949-4ce5-a339-5b1a1ce97871,2023-01-18,5.0,2.0,2.0,2.0,3.0,5.0
457,CUSTOMER_16,b9493906-939f-44eb-be5e-215ec47cc30b,2023-08-08,3.0,5.0,1.0,4.0,2.0,5.0
458,CUSTOMER_19,ba05dd0f-a966-4a5a-aecf-1ed21861c9f3,2023-04-07,2.0,2.0,3.0,5.0,4.0,3.0
459,CUSTOMER_4,e45e2ad0-8eef-45dd-9391-6dcfd6cade2c,2023-08-27,4.0,0.0,3.0,1.0,5.0,3.0
460,CUSTOMER_15,c05db774-132a-4e58-aa57-e880de9205ea,2023-07-10,5.0,1.0,2.0,2.0,4.0,4.0
461,CUSTOMER_7,673d2920-60ee-44ba-a4b0-718e8ced4707,2023-04-02,1.0,3.0,0.0,4.0,0.0,0.0
462,CUSTOMER_15,fb0d3cda-1e63-4261-90e9-688872730e7b,2023-07-13,1.0,0.0,2.0,3.0,4.0,0.0
463,CUSTOMER_17,1744ee3f-d36e-41bd-800b-1f5e8c91bd13,2023-11-04,1.0,4.0,3.0,2.0,3.0,4.0
464,CUSTOMER_6,f34a7949-74ca-4ad7-abe5-be96a7939a2e,2023-05-13,5.0,0.0,2.0,3.0,1.0,4.0
465,CUSTOMER_19,a83c1c2b-b776-4729-b91f-49f699966612,2023-05-22,1.0,0.0,1.0,5.0,0.0,0.0
466,CUSTOMER_10,f6e5203c-a237-4e6f-9473-45345aea6352,2023-11-07,1.0,4.0,4.0,2.0,4.0,0.0
467,CUSTOMER_5,b783e1d5-d264-44b9-a3f4-7a557e0f60b2,2023-10-16,1.0,0.0,5.0,4.0,2.0,1.0
468,CUSTOMER_3,3730dfba-6494-4d5c-9a29-6905ee22a70b,2023-06-27,2.0,5.0,0.0,0.0,1.0,0.0
469,CUSTOMER_18,735444fb-e44a-4371-85ab-4e571f8b4af1,2023-06-27,4.0,4.0,5.0,1.0,1.0,0.0
470,CUSTOMER_16,ef705d01-8da0-4d88-8c6f-3051bc788423,2023-06-18,5.0,3.0,4.0,1.0,4.0,1.0
471,CUSTOMER_4,99bd6240-a853-4961-a32d-03021a82833c,2023-08-24,1.0,4.0,3.0,3.0,3.0,5.0
472,CUSTOMER_7,57c5982c-f6ae-40e8-a5da-ced0460a6125,2023-04-25,2.0,1.0,5.0,3.0,2.0,5.0
473,CUSTOMER_16,8c3d031a-b395-4193-97d3-b9d94c859233,2023-05-02,1.0,5.0,1.0,1.0,1.0,4.0
474,CUSTOMER_9,ac20af11-ebd3-4927-9865-28e6afc5c20e,2023-02-21,4.0,1.0,0.0,4.0,2.0,2.0
475,CUSTOMER_3,7af985ff-8ff1-4886-9a2c-41bcc2c226ff,2023-08-15,4.0,5.0,3.0,5.0,4.0,2.0
476,CUSTOMER_13,1b41a61e-85d1-41ef-8344-edb3ceed0ffc,2023-01-10,6.0,1.0,0.0,5.0,0.0,1.0
477,CUSTOMER_8,fbc8c77e-2933-4fc4-8918-a346c00c200c,2023-04-22,4.0,2.0,0.0,0.0,2.0,1.0
478,CUSTOMER_17,73dd3bc6-d064-45a8-9bd2-9cb108453b2f,2023-02-09,0.0,5.0,2.0,1.0,5.0,4.0
479,CUSTOMER_12,cbfd4a31-c8c8-4ad6-82cb-cdc73cd30e99,2023-11-07,1.0,5.0,4.0,0.0,3.0,3.0
480,CUSTOMER_13,af65e8cc-f9cf-4499-89c1-ad45f4ea6b97,2023-05-02,0.0,0.0,3.0,5.0,4.0,1.0
481,CUSTOMER_19,dec00f3a-dc46-4b34-87ea-b19bde6cf36b,2023-06-22,5.0,5.0,3.0,2.0,3.0,4.0
482,CUSTOMER_19,f6dbb2b6-b993-4f63-86b1-8d94324bcc3d,2023-03-17,5.0,3.0,4.0,5.0,3.0,1.0
483,CUSTOMER_5,6090103c-1e8d-48ad-838b-77adbc2e2b59,2023-01-16,6.0,2.0,8.0,2.0,2.0,1.0
484,CUSTOMER_18,549fc34c-0171-45a7-8148-bd11d89462e8,2023-07-01,4.0,0.0,3.0,2.0,4.0,0.0
485,CUSTOMER_19,7d94bf10-4d18-4b75-a971-a31fd7d80594,2023-11-03,1.0,4.0,4.0,0.0,2.0,4.0
486,CUSTOMER_7,11740357-8546-4426-af12-0b9ef4fd25b7,2023-11-02,5.0,1.0,5.0,4.0,4.0,3.0
487,CUSTOMER_2,369e5af8-e226-49ee-b8a0-6ffe597278c5,2023-09-15,0.0,2.0,2.0,2.0,3.0,4.0
488,CUSTOMER_16,d2dd3e26-8fb3-4134-bf23-36e979903d96,2023-10-20,3.0,0.0,0.0,5.0,1.0,3.0
489,CUSTOMER_7,eb29d912-9d1b-43df-a46b-6fcee78d147c,2023-08-30,5.0,0.0,1.0,2.0,1.0,0.0
490,CUSTOMER_12,48677b30-b956-4731-8a4c-fe1f41afeb2a,2023-01-10,8.0,2.0,8.0,4.0,7.0,3.0
491,CUSTOMER_1,31487df8-a6ca-4d50-a5f5-c8914be318a8,2023-05-05,3.0,0.0,0.0,1.0,4.0,4.0
492,CUSTOMER_0,ab9b153d-35f5-4654-90c2-c2e5a07eafb1,2023-09-02,2.0,5.0,1.0,0.0,0.0,4.0
493,CUSTOMER_13,12767d13-f093-4776-9116-d014a5850828,2023-10-18,4.0,1.0,2.0,3.0,3.0,0.0
494,CUSTOMER_2,cb51a911-2d90-44ee-8de4-833e12c0620c,2023-04-08,1.0,0.0,3.0,1.0,3.0,3.0
495,CUSTOMER_12,6edaba8c-6789-47d0-a155-eb2c737cf8b5,2023-05-03,5.0,3.0,1.0,0.0,5.0,0.0
496,CUSTOMER_19,95ea6825-bef6-459a-8186-a221103056b7,2023-01-18,3.0,2.0,0.0,0.0,1.0,5.0
497,CUSTOMER_9,c3e90323-4811-46e9-9625-34ca9b47e639,2023-06-19,2.0,3.0,3.0,0.0,4.0,1.0
498,CUSTOMER_17,641816b7-bf2b-43b4-a2e9-e52738491ecc,2023-11-06,5.0,2.0,1.0,1.0,5.0,5.0
499,CUSTOMER_11,8db3c2c1-02da-4d76-b310-2525f5179e72,2023-08-04,1.0,0.0,3.0,0.0,2.0,4.0
500,CUSTOMER_12,15cadfaf-f26d-4dd3-8c2a-a0b18982cbf8,2023-04-29,2.0,5.0,4.0,1.0,1.0,5.0
501,CUSTOMER_16,38858f7e-2f1a-45a8-a934-4e152477f047,2023-08-28,1.0,1.0,5.0,1.0,2.0,4.0
502,CUSTOMER_1,fd75a5f3-eeaf-4a83-8044-46bfd9f48bbd,2023-08-02,5.0,5.0,2.0,0.0,1.0,5.0
503,CUSTOMER_2,b9c037aa-3289-458b-9923-cafc402d105b,2023-08-14,5.0,2.0,4.0,1.0,0.0,5.0
504,CUSTOMER_7,11defebf-9e98-461d-88fe-bf6d199c8d94,2023-03-17,3.0,3.0,1.0,2.0,3.0,5.0
505,CUSTOMER_9,90c80420-2703-4b27-958c-2936b18678ce,2023-08-09,2.0,2.0,5.0,1.0,1.0,2.0
506,CUSTOMER_7,bd64987e-b652-4e99-b8b5-e89ac921057c,2023-09-06,1.0,2.0,1.0,1.0,0.0,5.0
507,CUSTOMER_10,7202fae5-767d-4b27-bade-4367e0bd202c,2023-05-20,3.0,3.0,1.0,0.0,4.0,5.0
508,CUSTOMER_19,dbd4a86d-47d6-423c-977f-beeb14fc3a5d,2023-02-24,1.0,1.0,4.0,5.0,4.0,0.0
509,CUSTOMER_2,81d67019-d97e-4d3c-84c4-f46ae4610160,2023-09-03,4.0,4.0,2.0,3.0,0.0,1.0
510,CUSTOMER_1,e4dc4306-8b20-4e3e-82b7-c0488d3543be,2023-07-29,0.0,5.0,0.0,2.0,0.0,1.0
511,CUSTOMER_18,22460ac9-4a7e-4bc2-9b6f-1c33bbb4c0ce,2023-06-30,4.0,4.0,1.0,3.0,0.0,4.0
512,CUSTOMER_0,f6c8b8b9-d915-4664-bd27-4ad5a9a54c24,2023-11-10,4.0,5.0,5.0,4.0,4.0,3.0
513,CUSTOMER_5,90d9170c-f2de-475c-90fc-c9f12ddc756b,2023-09-14,4.0,5.0,3.0,2.0,2.0,1.0
514,CUSTOMER_15,5e934de0-43ac-4875-9017-ab443b53f64b,2023-04-01,3.0,5.0,4.0,4.0,5.0,3.0
515,CUSTOMER_15,0be3534a-e1ad-440c-b463-835eeafb9f20,2023-01-16,0.0,2.0,4.0,5.0,0.0,5.0
516,CUSTOMER_8,94213090-4368-4e93-bded-cb7ad5ba304c,2023-07-31,2.0,1.0,3.0,5.0,0.0,2.0
517,CUSTOMER_18,13ed280a-d5e1-4d1f-a5f2-2dfba741104b,2023-07-20,0.0,3.0,4.0,4.0,2.0,2.0
518,CUSTOMER_11,e31db345-7b6b-411e-8aeb-99597ca2f582,2023-08-23,2.0,4.0,5.0,3.0,3.0,1.0
519,CUSTOMER_2,3625fc20-47e3-41c2-a4ba-e8bf83b8fa05,2023-02-28,4.0,1.0,0.0,4.0,0.0,5.0
520,CUSTOMER_7,b862acc3-5489-4c37-8fa9-026b6a241f46,2023-02-14,4.0,5.0,1.0,3.0,3.0,4.0
521,CUSTOMER_5,05bf0618-6930-40c4-9557-6899a5b2c7ea,2023-04-05,0.0,1.0,2.0,4.0,0.0,1.0
522,CUSTOMER_16,2598f383-9280-4da2-a40b-50e40a086989,2023-01-22,4.0,2.0,2.0,4.0,0.0,4.0
523,CUSTOMER_18,b8344070-e0e5-46e5-84c4-4853a33b3dfd,2023-10-10,5.0,2.0,5.0,1.0,5.0,4.0
524,CUSTOMER_15,38283a05-2baa-43c9-bb4e-9ecdde0787b1,2023-06-09,0.0,1.0,5.0,1.0,4.0,5.0
525,CUSTOMER_16,af82e70c-b964-4e4f-aaef-cf3b43b7a0ef,2023-05-14,5.0,4.0,1.0,0.0,4.0,3.0
526,CUSTOMER_12,33cd1d56-043d-42db-9bcb-404c21d8b96a,2023-07-23,4.0,5.0,2.0,1.0,5.0,0.0
527,CUSTOMER_5,998d65ba-9d60-42c5-a6cf-cbd879d29001,2023-01-16,2.0,4.0,2.0,0.0,1.0,5.0
528,CUSTOMER_4,d3d877a8-8a0e-457a-9a7d-509de6e8790b,2023-01-01,10.0,5.0,6.0,4.0,6.0,2.0
529,CUSTOMER_1,3abf9c65-6dd0-43f3-87a2-0e22b298b811,2023-11-08,4.0,3.0,4.0,4.0,5.0,0.0
530,CUSTOMER_13,c40f5405-7a25-4d81-8128-17eb224629cd,2023-04-01,4.0,2.0,3.0,4.0,5.0,2.0
531,CUSTOMER_6,ca179780-be5f-402f-b58a-c73801667221,2023-01-03,9.0,4.0,1.0,4.0,0.0,3.0
532,CUSTOMER_6,68aa1236-50de-4f43-8de5-c35ab0117b0a,2023-05-21,1.0,1.0,5.0,5.0,1.0,2.0
533,CUSTOMER_8,908e3a95-6c6e-4796-893e-2b89dadfc499,2023-05-23,5.0,2.0,1.0,3.0,3.0,3.0
534,CUSTOMER_17,2dc09158-7b83-41cf-8ebc-6d7ec8a65b85,2023-05-24,5.0,4.0,2.0,2.0,3.0,4.0
535,CUSTOMER_11,bc5c3cd8-65eb-44dc-b49b-4b72c6319c16,2023-02-23,0.0,0.0,2.0,3.0,5.0,0.0
536,CUSTOMER_6,56a3dccc-c93c-4cc6-a68b-28da8222cd7f,2023-11-08,5.0,4.0,2.0,5.0,5.0,1.0
537,CUSTOMER_12,cdeb2696-015a-4a1d-a2c8-cf62f6ee137d,2023-02-05,5.0,3.0,1.0,3.0,3.0,0.0
538,CUSTOMER_8,9be950c7-147d-4bfc-9eef-0d1e38c5ef5e,2023-01-15,3.0,3.0,4.0,5.0,2.0,2.0
539,CUSTOMER_19,d1fa82a6-c60b-440c-b21a-6f380eb5e5a7,2023-03-10,1.0,3.0,5.0,0.0,0.0,5.0
540,CUSTOMER_16,c8b190e1-089a-4f4f-b1da-e8174937b90f,2023-08-21,3.0,4.0,0.0,4.0,5.0,5.0
541,CUSTOMER_1,0012d399-a7af-4545-bd3f-ec1b5c17ebb5,2023-03-03,0.0,2.0,5.0,2.0,2.0,3.0
542,CUSTOMER_12,03ef0f77-848a-4924-b347-8a919609598e,2023-10-14,2.0,0.0,4.0,2.0,5.0,4.0
543,CUSTOMER_11,46c937e0-d0c5-4550-b69a-053958f42098,2023-03-29,0.0,1.0,3.0,3.0,0.0,0.0
544,CUSTOMER_8,1b414999-8198-41f5-a839-f98f2ccf1472,2023-08-05,1.0,4.0,5.0,2.0,2.0,4.0
545,CUSTOMER_8,cb1b8eff-d02a-4cbb-89b4-094ae048f1de,2023-08-12,0.0,5.0,4.0,3.0,4.0,3.0
546,CUSTOMER_7,c68da4b2-f613-4da0-96f4-01e5c1e9c4fa,2023-06-28,3.0,3.0,4.0,0.0,0.0,0.0
547,CUSTOMER_8,c9e55c47-a237-48c1-a1f6-dfbe114b3c79,2023-03-27,4.0,5.0,0.0,2.0,5.0,2.0
548,CUSTOMER_16,d5098e07-b368-4836-827d-380889207bc4,2023-04-13,1.0,2.0,5.0,3.0,2.0,5.0
549,CUSTOMER_10,2db13deb-ee6f-4bea-8df7-164713769ff9,2023-07-05,3.0,2.0,3.0,4.0,1.0,1.0
550,CUSTOMER_6,3c1fdff0-331d-48bb-bcb3-636d7fbe6bb3,2023-10-13,2.0,2.0,3.0,1.0,4.0,1.0
551,CUSTOMER_19,1b4ffd5f-c768-4339-a7ef-53575b249c2a,2023-02-16,1.0,5.0,4.0,3.0,4.0,0.0
552,CUSTOMER_17,7b777e71-d917-48f8-8ad1-c18cf53f091e,2023-05-25,4.0,2.0,2.0,4.0,4.0,3.0
553,CUSTOMER_5,82d9a774-ea7f-4c7d-83a6-b204fc014a22,2023-04-19,5.0,1.0,4.0,1.0,5.0,4.0
554,CUSTOMER_13,08560684-8a6f-44b3-b08d-312e7a732f35,2023-07-15,5.0,3.0,2.0,1.0,0.0,0.0
555,CUSTOMER_16,0227b8d5-b070-4a53-90ce-857f75c72fb6,2023-01-05,10.0,1.0,6.0,4.0,1.0,2.0
556,CUSTOMER_11,2fe938e4-427b-4ffb-9ca1-adcc9cdf0664,2023-08-02,3.0,1.0,1.0,3.0,1.0,2.0
557,CUSTOMER_11,35e574e0-6c87-4546-bfaf-64582f14f777,2023-06-12,3.0,2.0,3.0,2.0,2.0,1.0
558,CUSTOMER_18,af9e7a0e-936d-44a7-bab1-996a21925613,2023-03-30,1.0,5.0,1.0,1.0,5.0,3.0
559,CUSTOMER_12,f58ab7c7-cccf-4130-a556-03d4323132fa,2023-10-14,0.0,3.0,2.0,1.0,4.0,3.0
560,CUSTOMER_4,a1726883-d971-4e00-a4ad-5e9bfedd22d9,2023-07-20,2.0,5.0,3.0,3.0,4.0,2.0
561,CUSTOMER_17,65fdaadb-0c36-4d4e-915d-9a63dbc6c928,2023-02-08,0.0,0.0,0.0,2.0,2.0,5.0
562,CUSTOMER_3,42803aa0-55ac-4d06-be9d-a9517329af6e,2023-05-21,4.0,4.0,5.0,2.0,2.0,0.0
563,CUSTOMER_13,adf9568b-de0b-4e18-99e1-10eb1f096b9d,2023-08-24,5.0,4.0,3.0,5.0,3.0,4.0
564,CUSTOMER_5,5ae86d18-48dc-4e26-87c2-564afab8328f,2023-05-07,0.0,4.0,3.0,5.0,1.0,0.0
565,CUSTOMER_12,a1b7e3d8-76b8-44d3-8959-9bed9d1911a5,2023-02-26,5.0,5.0,5.0,3.0,3.0,4.0
566,CUSTOMER_18,12439b0f-e835-4080-9951-8f98679f2f42,2023-01-31,2.0,2.0,1.0,2.0,2.0,5.0
567,CUSTOMER_9,a5076897-9afa-4267-8479-1214b5def807,2023-06-03,0.0,3.0,2.0,5.0,3.0,4.0
568,CUSTOMER_14,daada0b1-2f13-4a6d-aad5-5c0b69fb2fe6,2023-01-09,2.0,5.0,3.0,5.0,4.0,5.0
569,CUSTOMER_2,1a5ed196-65a4-479b-aaba-a4f935e80364,2023-02-07,4.0,3.0,3.0,0.0,3.0,3.0
570,CUSTOMER_16,1a9b0d42-154f-437d-befa-c198c3d6cd54,2023-04-12,0.0,1.0,2.0,5.0,1.0,2.0
571,CUSTOMER_7,7172f636-48bf-4602-bcd2-e8eb3f5560cd,2023-09-01,5.0,1.0,3.0,1.0,4.0,0.0
572,CUSTOMER_11,dd3ee854-5340-44b0-aa4f-4a80dc412176,2023-07-04,0.0,4.0,0.0,4.0,0.0,1.0
573,CUSTOMER_17,74e0079a-98fb-4727-9740-b2122d5245f4,2023-09-03,0.0,4.0,2.0,4.0,2.0,5.0
574,CUSTOMER_17,7b4d8646-58e0-458f-a8af-301f4f45f6f7,2023-07-29,4.0,0.0,4.0,2.0,1.0,3.0
575,CUSTOMER_8,00060d5a-02b3-4948-8db6-f47527dd1ac4,2023-07-23,5.0,2.0,1.0,3.0,3.0,0.0
576,CUSTOMER_15,4cb34663-7a21-4151-8166-a8b3f26bcebf,2023-01-04,6.0,2.0,9.0,1.0,0.0,4.0
577,CUSTOMER_11,8f807d8b-e1d5-4f85-a967-858630463008,2023-06-19,3.0,1.0,0.0,5.0,2.0,3.0
578,CUSTOMER_12,6c17e150-1447-46cc-8352-acea3878becf,2023-08-31,1.0,4.0,0.0,5.0,3.0,2.0
579,CUSTOMER_9,cf0e1567-882d-4fc1-be30-74f8a60147c3,2023-04-15,4.0,1.0,5.0,1.0,5.0,2.0
580,CUSTOMER_3,73e88db6-9e23-43d0-b491-5c14a30b669c,2023-04-16,0.0,3.0,2.0,2.0,0.0,1.0
581,CUSTOMER_1,2f999b2a-05aa-4eab-88f3-d7eaf83f5274,2023-02-09,4.0,2.0,4.0,5.0,0.0,5.0
582,CUSTOMER_0,03c501fe-2693-44ef-9717-26543b997815,2023-07-11,3.0,2.0,0.0,2.0,3.0,2.0
583,CUSTOMER_14,548b2ce3-081f-4c82-8a9a-cf77b26a51a5,2023-02-01,0.0,0.0,0.0,3.0,5.0,4.0
584,CUSTOMER_15,d76f1e65-e54c-4739-b133-839e2e7d952b,2023-04-08,5.0,0.0,4.0,5.0,3.0,3.0
585,CUSTOMER_14,08942176-fe99-4f69-bcd4-99753f46057b,2023-03-19,5.0,5.0,2.0,4.0,2.0,1.0
586,CUSTOMER_15,4fe66636-f612-4d2c-ae73-00eb639d8fe7,2023-05-06,3.0,5.0,4.0,5.0,4.0,4.0
587,CUSTOMER_3,4c7f03bb-a376-4c2d-bb31-dcdc40d91a8e,2023-03-19,0.0,0.0,2.0,1.0,2.0,1.0
588,CUSTOMER_13,cb5d2b59-2ad8-40ca-83db-7a2e531350e0,2023-04-18,4.0,0.0,1.0,1.0,4.0,0.0
589,CUSTOMER_18,b03b6934-79ab-46d1-b0d5-15abc891d55d,2023-08-20,4.0,2.0,0.0,1.0,3.0,3.0
590,CUSTOMER_2,ee4c1b18-56a2-449d-9e5f-8273af9a1168,2023-10-22,1.0,0.0,3.0,2.0,5.0,1.0
591,CUSTOMER_17,7ce34563-2036-4a73-9b7e-0502ca9d8831,2023-04-01,3.0,4.0,1.0,2.0,1.0,5.0
592,CUSTOMER_6,5bb0dd76-60b5-4717-b072-afc805776108,2023-10-09,1.0,2.0,5.0,3.0,1.0,4.0
593,CUSTOMER_9,30952621-7d76-4b58-b271-115b8af09ec3,2023-08-09,2.0,4.0,1.0,2.0,2.0,2.0
594,CUSTOMER_19,290c4414-8df5-4b01-9c4d-b762ea1af7d2,2023-01-27,0.0,1.0,5.0,2.0,4.0,4.0
595,CUSTOMER_11,a355ad05-c6a2-4e4e-802f-2ca4743e8531,2023-07-16,0.0,5.0,2.0,0.0,2.0,2.0
596,CUSTOMER_19,10372a5c-b893-408a-9219-02163d211daf,2023-09-13,5.0,3.0,4.0,4.0,1.0,3.0
597,CUSTOMER_17,5295ea96-487b-45d7-9cf0-23dd277529a2,2023-06-09,2.0,2.0,4.0,0.0,0.0,5.0
598,CUSTOMER_2,2138e2e6-f013-4170-95cf-3b4c0b34fc84,2023-03-11,5.0,1.0,0.0,3.0,5.0,0.0
599,CUSTOMER_1,637b3648-d617-49c0-a449-d64f922ddab6,2023-09-13,4.0,4.0,3.0,5.0,5.0,2.0
600,CUSTOMER_1,b7c4b3ee-9b1f-46d1-b881-49dc5dc96097,2023-01-28,1.0,1.0,1.0,3.0,2.0,3.0
601,CUSTOMER_1,f030bfd4-be54-498e-8eda-64335c65a65c,2023-06-11,3.0,5.0,3.0,4.0,5.0,4.0
602,CUSTOMER_1,4dccb05d-d59e-40fd-9204-f4d6bbfb1b71,2023-01-31,1.0,4.0,1.0,0.0,4.0,4.0
603,CUSTOMER_12,a8290f3c-86b4-452c-b170-46b930807a5d,2023-04-07,1.0,5.0,3.0,4.0,2.0,3.0
604,CUSTOMER_3,5ba37cb5-9399-4d15-a37c-e1c5c42b266b,2023-09-19,0.0,5.0,5.0,3.0,0.0,1.0
605,CUSTOMER_5,56673e49-8133-4bdc-a6cc-73768cca8963,2023-09-13,1.0,4.0,3.0,3.0,4.0,2.0
606,CUSTOMER_17,d8485a54-531c-4812-bf31-950afdd084a1,2023-05-25,2.0,5.0,4.0,5.0,3.0,4.0
607,CUSTOMER_7,60042231-36c3-4e85-8bae-295e902a405c,2023-10-25,1.0,5.0,1.0,2.0,3.0,3.0
608,CUSTOMER_12,fba3091f-08df-4af8-b9ef-aad6000cd21a,2023-04-21,0.0,0.0,2.0,1.0,1.0,0.0
609,CUSTOMER_9,db107e7f-36fe-40b4-b8cd-9122fc0145e1,2023-05-03,5.0,5.0,0.0,4.0,0.0,4.0
610,CUSTOMER_18,18233383-279b-437c-9255-273fed0940f7,2023-01-15,1.0,2.0,1.0,1.0,2.0,2.0
611,CUSTOMER_18,cfa28fb8-4199-422e-bba5-81263ff69f41,2023-04-27,0.0,4.0,5.0,4.0,0.0,5.0
612,CUSTOMER_2,7b874b4a-cafb-44fe-931f-04afb93c92d5,2023-03-09,1.0,5.0,4.0,0.0,5.0,5.0
613,CUSTOMER_9,93875413-ceef-4261-bb15-02ea09912f46,2023-05-29,2.0,0.0,2.0,2.0,0.0,3.0
614,CUSTOMER_3,bf67de42-3a0a-4b59-8538-4872deaa543e,2023-09-11,0.0,0.0,5.0,5.0,0.0,0.0
615,CUSTOMER_9,8a38d5aa-51be-4a8e-8a8a-eb94863dfcd6,2023-08-08,2.0,2.0,0.0,5.0,0.0,1.0
616,CUSTOMER_1,6493f5ef-ff53-46a4-bb48-bbbaac735be0,2023-06-23,5.0,4.0,4.0,0.0,2.0,3.0
617,CUSTOMER_9,21d72432-25e4-4403-a4f2-502ec94f6ed3,2023-05-11,4.0,3.0,5.0,5.0,0.0,4.0
618,CUSTOMER_12,80777ac5-6605-4e3c-95c7-bc834336ffe5,2023-06-18,4.0,1.0,1.0,4.0,0.0,3.0
619,CUSTOMER_12,8fa8ae34-3233-4053-9242-ba54a6f9c0e1,2023-08-28,2.0,1.0,4.0,0.0,2.0,3.0
620,CUSTOMER_10,16efacdf-9375-4e61-ac94-503eaf4afcdd,2023-02-13,0.0,3.0,1.0,2.0,3.0,1.0
621,CUSTOMER_10,06326b36-a7c8-40c5-9808-552c5832c8de,2023-10-26,1.0,1.0,4.0,4.0,3.0,4.0
622,CUSTOMER_4,d173b70b-ec99-4c80-8b7d-185670c23600,2023-04-01,2.0,5.0,3.0,1.0,3.0,0.0
623,CUSTOMER_1,ed3e2846-9efa-4407-b2ed-cab03e3869e2,2023-02-27,4.0,0.0,0.0,5.0,5.0,2.0
624,CUSTOMER_14,3581a632-54f5-4f70-85d2-d205789fed96,2023-10-15,1.0,1.0,4.0,4.0,3.0,2.0
625,CUSTOMER_17,fe07832a-badc-4599-9f7f-ae0c7ba79d05,2023-02-24,5.0,0.0,3.0,4.0,0.0,4.0
626,CUSTOMER_1,48b51c88-0f63-4f4a-ab9a-118e4165964c,2023-03-19,2.0,2.0,2.0,3.0,3.0,0.0
627,CUSTOMER_2,a9b92a1d-4574-48ca-a90e-319d637e3f94,2023-09-14,3.0,0.0,5.0,2.0,5.0,3.0
628,CUSTOMER_7,fa033d6c-822f-42f0-a175-a257fad3b44c,2023-10-03,1.0,2.0,0.0,4.0,4.0,0.0
629,CUSTOMER_5,753e9662-f77f-43a7-802a-a6eb32e97c2d,2023-08-06,0.0,0.0,5.0,4.0,4.0,2.0
630,CUSTOMER_15,04b40ac9-2831-4f0d-be90-63fb64b5d9a5,2023-05-15,4.0,2.0,0.0,5.0,0.0,1.0
631,CUSTOMER_16,a033edad-0fdf-4e19-8fd8-35fc469ff562,2023-04-11,4.0,0.0,2.0,2.0,0.0,1.0
632,CUSTOMER_10,23238416-a82c-4e18-a491-982be5ad481d,2023-02-04,1.0,4.0,3.0,4.0,1.0,5.0
633,CUSTOMER_7,271a919f-92a9-4acd-bd88-49386ad65b8c,2023-06-15,4.0,4.0,2.0,3.0,3.0,1.0
634,CUSTOMER_6,8a962a11-94be-4d9f-a379-c05fa7087280,2023-09-23,0.0,1.0,3.0,5.0,0.0,1.0
635,CUSTOMER_13,c521ff2e-f9cc-43ed-a8b4-5c6afee543b3,2023-02-26,1.0,4.0,4.0,2.0,1.0,4.0
636,CUSTOMER_17,2f237c4d-1e4e-4133-b82d-40def2d78d53,2023-05-04,5.0,5.0,1.0,2.0,4.0,3.0
637,CUSTOMER_9,d25ad576-ef0b-443e-bee0-47627168bdec,2023-09-05,2.0,1.0,3.0,0.0,5.0,1.0
638,CUSTOMER_0,9df034d3-9caa-437c-bc67-95e2c32fc21b,2023-04-14,3.0,4.0,3.0,1.0,3.0,1.0
639,CUSTOMER_7,14588063-5bf8-4d1d-86ad-7920aff7ff5d,2023-09-25,0.0,1.0,0.0,4.0,4.0,5.0
640,CUSTOMER_11,7dcf60fd-6330-48ed-9a25-27952f191516,2023-07-04,4.0,1.0,4.0,1.0,1.0,3.0
641,CUSTOMER_0,69bd40d8-f340-4dd3-8515-75b9ece9504b,2023-03-28,0.0,1.0,4.0,0.0,4.0,3.0
642,CUSTOMER_19,dde4f5c1-532c-4c01-b017-c5337d6ce5c3,2023-06-27,5.0,3.0,2.0,0.0,4.0,5.0
643,CUSTOMER_12,9c8b9550-64e7-4f9a-901a-0ccfb85f164b,2023-10-16,3.0,4.0,1.0,4.0,3.0,5.0
644,CUSTOMER_1,74f76d09-739c-4fa5-9bfc-270c85494255,2023-01-17,2.0,4.0,0.0,3.0,1.0,4.0
645,CUSTOMER_12,f66c7331-a172-4ee3-83e1-847c8420e0d8,2023-01-20,5.0,2.0,5.0,3.0,3.0,2.0
646,CUSTOMER_14,9cf65e33-4b5f-474b-ac26-7b562a9edda7,2023-01-22,4.0,1.0,2.0,5.0,3.0,0.0
647,CUSTOMER_16,95dfe6cb-c75a-4c94-ae05-7f791cf8d03f,2023-09-28,5.0,1.0,3.0,3.0,2.0,3.0
648,CUSTOMER_0,e588b999-971e-4a39-b424-6baa2dcafc82,2023-10-04,4.0,3.0,2.0,2.0,4.0,5.0
649,CUSTOMER_5,17584f23-1fa0-4802-bbb7-1494b7e767d4,2023-02-14,2.0,5.0,5.0,0.0,3.0,5.0
650,CUSTOMER_12,82fc9294-f9a6-4522-8a83-5709ba146757,2023-08-26,1.0,3.0,5.0,3.0,3.0,1.0
651,CUSTOMER_10,dcd81a8b-a8d6-4af6-9f0d-def190c40e45,2023-02-28,4.0,1.0,3.0,5.0,0.0,3.0
652,CUSTOMER_9,f601e005-c4c4-469f-baeb-e15d4f3c9771,2023-06-23,5.0,5.0,1.0,0.0,2.0,1.0
653,CUSTOMER_0,03200c4e-40cb-4188-83f0-fac39f601d17,2023-06-28,1.0,3.0,4.0,0.0,3.0,3.0
654,CUSTOMER_7,79c842cb-a8d3-410e-96bf-ae6e37850b5c,2023-06-26,4.0,3.0,3.0,4.0,1.0,0.0
655,CUSTOMER_7,9ea8fcb1-4732-48c9-8c1e-9464e1d5c0dc,2023-09-02,1.0,1.0,1.0,1.0,0.0,0.0
656,CUSTOMER_11,084d7822-da94-4e70-a537-41e409668d08,2023-09-17,1.0,4.0,0.0,2.0,1.0,0.0
657,CUSTOMER_3,294d43ed-2da1-4fda-be65-6dcc6abdb05a,2023-09-19,5.0,4.0,3.0,5.0,1.0,4.0
658,CUSTOMER_17,bfd467e7-7491-450c-b75e-fed82d6b5953,2023-08-13,0.0,0.0,4.0,2.0,3.0,2.0
659,CUSTOMER_12,6d651847-c229-4116-9152-9a73d1fcdedd,2023-08-02,5.0,2.0,5.0,1.0,5.0,5.0
660,CUSTOMER_8,864f36dd-69ec-49d5-86ec-ed9954470290,2023-03-23,3.0,4.0,5.0,0.0,0.0,5.0
661,CUSTOMER_16,b95cec2d-7bd1-4655-9671-8639fcb86f9e,2023-09-25,1.0,5.0,2.0,3.0,3.0,2.0
662,CUSTOMER_8,9f8ceda5-feb9-4a24-933c-8d0086800a0b,2023-05-18,1.0,4.0,2.0,3.0,3.0,5.0
663,CUSTOMER_15,e237c877-2e0e-4673-8ed7-cd177e14c595,2023-08-25,4.0,5.0,2.0,1.0,2.0,0.0
664,CUSTOMER_0,1e30614f-cbf6-4a23-a01e-31f57702beba,2023-10-14,5.0,4.0,1.0,3.0,1.0,2.0
665,CUSTOMER_11,365bc763-a333-4ea8-8e58-de208f7763e0,2023-01-05,10.0,1.0,4.0,2.0,1.0,2.0
666,CUSTOMER_9,c45c3fbb-52ec-4c27-8ccc-617e81b66951,2023-01-03,1.0,5.0,5.0,2.0,6.0,5.0
667,CUSTOMER_18,d500c147-0774-4c94-b5c9-f4599db1bd5e,2023-03-10,2.0,2.0,2.0,5.0,4.0,3.0
668,CUSTOMER_1,27c7655a-7b43-4a72-a2c0-c475a54976d0,2023-09-01,5.0,4.0,2.0,3.0,0.0,5.0
669,CUSTOMER_1,90a014ab-4ca1-4abd-8565-0e0bd5c97d5d,2023-10-09,1.0,2.0,3.0,4.0,5.0,1.0
670,CUSTOMER_18,ea8b31f5-ccae-48fe-94eb-8e20af7c7d2b,2023-11-06,5.0,0.0,3.0,2.0,3.0,2.0
671,CUSTOMER_12,2a7cf9e9-d7a7-47b1-88c6-2063a06303ca,2023-08-10,2.0,3.0,1.0,4.0,5.0,2.0
672,CUSTOMER_10,69f35b2d-4580-4ac2-8818-c965b5b81351,2023-02-03,3.0,1.0,3.0,3.0,4.0,1.0
673,CUSTOMER_16,5fcc997d-1cbb-404b-accd-a2af4d64bb63,2023-11-01,2.0,1.0,3.0,3.0,3.0,0.0
674,CUSTOMER_15,30b1b67b-2771-4422-8003-8f26e7ab2ef7,2023-05-13,0.0,5.0,5.0,2.0,4.0,1.0
675,CUSTOMER_3,84222f58-f022-44af-bb76-4637d277ab64,2023-09-20,4.0,1.0,5.0,3.0,4.0,5.0
676,CUSTOMER_16,eeada90c-4f9c-48bf-810d-583f1da76d69,2023-01-18,4.0,4.0,3.0,2.0,1.0,0.0
677,CUSTOMER_3,bedcacb7-a8b3-41a0-8424-6277854494ab,2023-05-02,0.0,4.0,2.0,5.0,0.0,2.0
678,CUSTOMER_6,88433a38-46d2-4109-895c-7ac8314aabdd,2023-05-04,4.0,5.0,5.0,2.0,2.0,1.0
679,CUSTOMER_8,9f795228-f553-4567-83e7-dd211d4d46d6,2023-08-06,4.0,0.0,5.0,4.0,0.0,4.0
680,CUSTOMER_10,b4508610-f17a-47a9-a43d-116d4563abbe,2023-11-09,4.0,4.0,2.0,1.0,0.0,2.0
681,CUSTOMER_19,7192e443-8a63-42ca-96b7-979ee46a0b42,2023-01-20,2.0,0.0,0.0,5.0,5.0,0.0
682,CUSTOMER_12,6454a82a-6d2c-4bf9-960b-eed40dc5d42e,2023-03-11,3.0,4.0,2.0,5.0,3.0,4.0
683,CUSTOMER_11,32b9c542-d143-40a2-9513-b74f4ffc1c54,2023-10-04,3.0,4.0,5.0,3.0,5.0,1.0
684,CUSTOMER_2,b2d7692a-eb70-4da9-8d66-d79dd0170108,2023-07-01,3.0,3.0,3.0,5.0,0.0,5.0
685,CUSTOMER_14,394a97fd-f28b-4846-bb50-4fda7875b1c7,2023-02-25,4.0,2.0,4.0,3.0,4.0,5.0
686,CUSTOMER_10,53238aff-e1e5-48a1-9c5c-d673c9ed66a6,2023-06-26,1.0,0.0,2.0,3.0,0.0,2.0
687,CUSTOMER_15,484204d5-2bb9-4661-9884-23547613ef44,2023-10-26,4.0,4.0,0.0,1.0,2.0,0.0
688,CUSTOMER_12,1b63205f-cbf8-4149-b6da-99cdd14b256c,2023-05-07,3.0,5.0,2.0,2.0,2.0,3.0
689,CUSTOMER_12,9ef1a74f-3d13-4526-a9d7-5427972d5d57,2023-04-05,0.0,1.0,3.0,3.0,5.0,2.0
690,CUSTOMER_6,6e5fbf71-9749-42b0-b1ad-e82ad05cc78d,2023-11-01,2.0,4.0,1.0,4.0,1.0,1.0
691,CUSTOMER_2,92fe00e8-b63f-4809-ae4d-0decbd472885,2023-07-08,3.0,4.0,2.0,3.0,4.0,4.0
692,CUSTOMER_3,4edb6dc8-2d19-4d52-b1f9-b0e2d2701a52,2023-06-07,5.0,4.0,1.0,5.0,1.0,3.0
693,CUSTOMER_10,0fbd4c81-a900-4ecd-a51e-01ad7e8a2078,2023-02-05,4.0,1.0,4.0,5.0,5.0,1.0
694,CUSTOMER_4,63d5e750-4a9f-450e-8800-61b673f621a8,2023-08-28,0.0,3.0,5.0,1.0,0.0,2.0
695,CUSTOMER_9,adf792ff-e9c7-413a-8b5a-4d7791fda27f,2023-04-29,4.0,5.0,4.0,0.0,1.0,0.0
696,CUSTOMER_19,d8feb8de-6779-4b58-82ab-23a0fc862110,2023-02-19,5.0,0.0,3.0,4.0,0.0,0.0
697,CUSTOMER_17,1c153057-5bf7-44cf-ba8b-d601d21ce315,2023-04-20,1.0,1.0,2.0,5.0,1.0,3.0
698,CUSTOMER_10,61ae3f21-67f1-418b-a1fe-800ab636cc4c,2023-06-19,3.0,1.0,1.0,1.0,0.0,1.0
699,CUSTOMER_6,ecaadafb-d7e4-427a-a274-d2408e301bcc,2023-05-20,0.0,1.0,3.0,5.0,4.0,1.0
700,CUSTOMER_0,24dcea07-0405-4d2b-a5fc-d671125df206,2023-10-08,3.0,5.0,2.0,1.0,5.0,1.0
701,CUSTOMER_13,c9f7369f-e4c1-4210-b4be-4b20dc32f8a0,2023-09-28,5.0,3.0,3.0,1.0,0.0,4.0
702,CUSTOMER_13,627ca9f7-7336-4302-91f0-33748d532691,2023-05-18,2.0,1.0,1.0,4.0,0.0,4.0
703,CUSTOMER_15,b64e26cf-3c9b-4542-bb1d-23a8d8c823b0,2023-07-14,0.0,3.0,3.0,4.0,0.0,0.0
704,CUSTOMER_1,5e5b2ad8-b473-4eb6-bbb7-75d491724023,2023-02-13,2.0,3.0,3.0,1.0,5.0,2.0
705,CUSTOMER_14,e3d1803c-85fa-45ea-9407-2edb8456ce4f,2023-08-25,5.0,1.0,1.0,5.0,2.0,5.0
706,CUSTOMER_2,cc502a89-8a08-440e-a239-5ad5af1f798c,2023-08-14,2.0,4.0,1.0,2.0,5.0,0.0
707,CUSTOMER_15,781f9d3f-e7f3-49dc-833d-e3ad743b9f71,2023-08-11,3.0,3.0,1.0,2.0,4.0,1.0
708,CUSTOMER_1,bfda55c9-98fe-44f3-ac40-d95ab1eedf64,2023-04-29,5.0,2.0,0.0,5.0,5.0,4.0
709,CUSTOMER_5,fd888cbd-a804-4463-8d36-f5e492a6f3e6,2023-04-24,5.0,0.0,4.0,3.0,2.0,1.0
710,CUSTOMER_16,4721194b-c8a4-4e21-99f8-50e913ad3ead,2023-04-08,2.0,4.0,4.0,2.0,2.0,0.0
711,CUSTOMER_3,977e3f2c-e8fe-4095-acb3-7e239a940c6c,2023-10-14,3.0,5.0,3.0,2.0,4.0,2.0
712,CUSTOMER_7,8702f4ad-cca3-44c4-ae49-82cf7c239ebc,2023-01-13,2.0,0.0,4.0,4.0,1.0,3.0
713,CUSTOMER_13,a9217ddc-3cea-4f89-a217-3b7fc536d2ce,2023-06-20,2.0,1.0,2.0,4.0,2.0,0.0
714,CUSTOMER_8,0d722918-1db1-4e86-91cc-c8d3c1676505,2023-03-07,2.0,3.0,5.0,2.0,5.0,5.0
715,CUSTOMER_17,b4a2b699-aefa-423b-a13a-9ff93bd13a43,2023-06-01,5.0,2.0,5.0,4.0,4.0,0.0
716,CUSTOMER_9,61cb0527-72e5-4892-8c1c-7204ed5e749b,2023-09-21,0.0,4.0,5.0,0.0,0.0,4.0
717,CUSTOMER_11,9c48c830-6e89-44f4-9820-10d1f4c873a7,2023-09-11,1.0,2.0,1.0,2.0,1.0,2.0
718,CUSTOMER_18,acdfe0ff-c5ed-4982-b60b-36736422a73e,2023-10-18,2.0,5.0,4.0,4.0,3.0,4.0
719,CUSTOMER_10,2e0f0484-fe43-441a-b0b6-148cad7eeff7,2023-05-02,4.0,0.0,3.0,0.0,5.0,0.0
720,CUSTOMER_13,af7ce609-1a99-4ae0-8677-b81d1902c93b,2023-06-23,1.0,1.0,4.0,2.0,0.0,0.0
721,CUSTOMER_0,f041e4f7-0e8f-400b-9789-76de9e90d107,2023-08-19,5.0,1.0,1.0,5.0,4.0,5.0
722,CUSTOMER_3,21419a14-9acc-400d-9b3f-b4a2161d6acf,2023-05-27,4.0,5.0,2.0,1.0,0.0,5.0
723,CUSTOMER_5,a9151364-778a-469f-8b68-d94d40da9c7d,2023-01-30,3.0,3.0,3.0,3.0,2.0,2.0
724,CUSTOMER_8,46fc4ff2-12f1-48bd-87de-01a929769b0f,2023-10-29,3.0,3.0,5.0,2.0,2.0,2.0
725,CUSTOMER_8,7de17a85-11c4-494a-b0c9-83362d8cc973,2023-03-19,2.0,3.0,0.0,5.0,2.0,0.0
726,CUSTOMER_4,37e82d71-6e66-4273-84ca-00d78a66de67,2023-08-27,0.0,0.0,1.0,5.0,3.0,0.0
727,CUSTOMER_1,ba40662f-9243-4301-9206-8ad612aada4b,2023-04-08,4.0,0.0,3.0,1.0,5.0,5.0
728,CUSTOMER_0,63f6bf77-aa23-4ba2-89af-9883eed21f94,2023-04-14,4.0,5.0,1.0,3.0,1.0,0.0
729,CUSTOMER_16,7d9d2b3b-c55f-4445-b09e-0302b525a4d9,2023-07-05,3.0,3.0,1.0,4.0,1.0,0.0
730,CUSTOMER_12,c7a2ee6f-d166-4b08-b073-6dd1f443864c,2023-07-07,1.0,4.0,5.0,2.0,4.0,5.0
731,CUSTOMER_9,ff3c6d4e-a1dc-4cab-8e21-3ce5668eb10e,2023-09-09,1.0,2.0,0.0,2.0,1.0,3.0
732,CUSTOMER_9,8df21ad5-2d36-4b7e-b3ff-b402a5d5bbf9,2023-01-16,5.0,5.0,1.0,2.0,4.0,0.0
733,CUSTOMER_11,a1fe9bc6-e29d-450a-95b9-8c207c8b7f1e,2023-06-20,1.0,1.0,5.0,1.0,3.0,5.0
734,CUSTOMER_18,102048e6-6386-44e0-bd3e-58303d0d5c8f,2023-11-04,5.0,5.0,1.0,3.0,0.0,3.0
735,CUSTOMER_0,5674b9e2-0e59-45aa-96db-638a097ba119,2023-11-02,0.0,3.0,1.0,1.0,1.0,5.0
736,CUSTOMER_16,dec56dc3-ad96-4213-b0a9-b97f7557c28c,2023-07-28,0.0,5.0,1.0,1.0,5.0,0.0
737,CUSTOMER_4,78a1d988-04e1-402a-a761-80c77d283421,2023-08-29,3.0,1.0,1.0,1.0,2.0,1.0
738,CUSTOMER_1,cb2fbbc3-d21b-4733-8ead-a8d3e797f3ae,2023-02-07,4.0,4.0,3.0,4.0,2.0,0.0
739,CUSTOMER_3,9d99d4c5-cc96-4f43-9850-70727f44cbca,2023-03-27,1.0,1.0,5.0,2.0,4.0,3.0
740,CUSTOMER_10,937292e6-af20-4a9d-b9d1-85071eece891,2023-08-01,3.0,2.0,0.0,0.0,0.0,1.0
741,CUSTOMER_10,2428185a-461d-4017-9ee9-2d3b102f4f5c,2023-10-22,2.0,1.0,3.0,4.0,5.0,3.0
742,CUSTOMER_7,22249813-0a6b-4e3d-94fd-0594ecf91245,2023-02-08,4.0,4.0,4.0,1.0,0.0,3.0
743,CUSTOMER_2,ed174fdd-2dee-403e-81d9-6e9601a02047,2023-02-04,0.0,4.0,3.0,3.0,2.0,5.0
744,CUSTOMER_4,455cf668-a3cb-4e18-a4a1-67fd34c6ea9b,2023-07-23,0.0,3.0,2.0,1.0,1.0,5.0
745,CUSTOMER_1,7ff8a2c6-b79a-466b-ae14-82be98a547b2,2023-08-26,4.0,5.0,1.0,2.0,1.0,0.0
746,CUSTOMER_17,fc920c73-1e14-4e04-b120-8bde3c52d68a,2023-07-25,5.0,4.0,2.0,4.0,0.0,1.0
747,CUSTOMER_14,35469cb1-a8c9-4a31-a05f-f5e6c5346e41,2023-04-18,5.0,1.0,2.0,1.0,1.0,3.0
748,CUSTOMER_15,ec344cf0-ab8e-47a1-a8e6-01302d238ed1,2023-01-17,2.0,5.0,5.0,2.0,5.0,3.0
749,CUSTOMER_8,e3dc419d-ce1e-4d1f-9de7-df7b5594552b,2023-10-22,2.0,0.0,1.0,5.0,5.0,4.0
750,CUSTOMER_5,7c2cfbcf-0770-418f-8916-01472875ad5d,2023-07-19,5.0,0.0,0.0,5.0,0.0,4.0
751,CUSTOMER_18,bf4113cb-32e1-4f17-ab47-ed615372ebed,2023-09-20,2.0,1.0,1.0,2.0,3.0,0.0
752,CUSTOMER_7,33304e33-deb0-4e7d-a99f-db02bcdd0b48,2023-05-26,5.0,0.0,0.0,4.0,4.0,0.0
753,CUSTOMER_13,9c03d65c-ed8a-428c-b756-999b251adf0e,2023-06-26,1.0,3.0,2.0,1.0,0.0,5.0
754,CUSTOMER_6,450ab36d-f9be-47f3-9bcc-90fca1cc22d8,2023-03-20,2.0,1.0,5.0,5.0,1.0,0.0
755,CUSTOMER_8,772d416d-da05-42fc-9c71-a82122f1c32b,2023-06-28,1.0,1.0,0.0,1.0,2.0,4.0
756,CUSTOMER_5,f3e816b5-a353-4a98-8b68-a34eca1fbff2,2023-08-26,4.0,4.0,0.0,1.0,0.0,3.0
757,CUSTOMER_16,3768c85b-fee3-4baa-9cb9-13b47d3d16ca,2023-08-18,5.0,3.0,4.0,0.0,5.0,5.0
758,CUSTOMER_7,9457f388-6f2a-4c8a-93c9-aacb3f71e1ae,2023-03-28,4.0,1.0,1.0,0.0,2.0,0.0
759,CUSTOMER_1,c4c36368-bbc5-4a50-b87c-b0d3fdc419b2,2023-07-15,5.0,3.0,0.0,3.0,2.0,5.0
760,CUSTOMER_3,15457c64-3d92-4952-becb-002e73d3328c,2023-08-05,5.0,5.0,1.0,1.0,2.0,2.0
761,CUSTOMER_9,173a0c96-ffbb-4bcc-a5cb-bf6f3d333164,2023-01-07,5.0,5.0,2.0,1.0,5.0,4.0
762,CUSTOMER_18,76b90472-7470-424c-b9f6-b641063ff61e,2023-10-27,1.0,5.0,0.0,1.0,3.0,5.0
763,CUSTOMER_14,dc420980-0059-4e29-a226-a75bb432ece9,2023-09-01,5.0,3.0,0.0,4.0,3.0,2.0
764,CUSTOMER_13,f2335074-b2b3-4b39-8510-eaadc0bd44c0,2023-08-26,4.0,4.0,5.0,5.0,4.0,4.0
765,CUSTOMER_10,83c5c510-0e08-4343-aea7-7ea8bc5ad195,2023-09-20,4.0,0.0,2.0,3.0,3.0,3.0
766,CUSTOMER_19,2cde531f-5dce-4d9b-9d96-120d0a76bd91,2023-09-09,5.0,5.0,2.0,4.0,3.0,1.0
767,CUSTOMER_10,a6276167-1d12-4daf-8a25-71593d170879,2023-07-05,2.0,5.0,4.0,5.0,1.0,2.0
768,CUSTOMER_11,ae2356f3-80e9-4300-8471-9067e5def08e,2023-06-14,2.0,0.0,2.0,2.0,0.0,3.0
769,CUSTOMER_15,1f69e2b1-d45e-487f-86d4-aba8805f0892,2023-07-02,4.0,5.0,0.0,2.0,1.0,4.0
770,CUSTOMER_11,b177116d-f203-4633-ac5d-d02dccc67ffd,2023-11-11,5.0,1.0,0.0,0.0,4.0,3.0
771,CUSTOMER_5,13b2d1ab-f4e5-40aa-b550-4c5249d2cac0,2023-02-12,2.0,2.0,5.0,5.0,0.0,3.0
772,CUSTOMER_4,f3bd2348-854b-48fa-b44a-21b7dfff8cea,2023-09-01,1.0,2.0,1.0,5.0,1.0,1.0
773,CUSTOMER_15,bcda835f-71a0-4ff8-ab8d-a34058c158e2,2023-09-08,5.0,2.0,1.0,0.0,0.0,1.0
774,CUSTOMER_16,9425fc3a-6964-4112-95fc-0f2ba50939f1,2023-05-14,4.0,5.0,0.0,3.0,3.0,5.0
775,CUSTOMER_16,753ff3e2-71fc-4136-8c68-720ed787463d,2023-04-29,0.0,1.0,2.0,1.0,0.0,1.0
776,CUSTOMER_15,c50e5194-49c3-448b-b881-5f185f34fd6c,2023-01-19,2.0,2.0,2.0,3.0,5.0,4.0
777,CUSTOMER_5,2ea9ef6c-4905-4b93-890a-83b4b639529e,2023-03-10,0.0,1.0,3.0,1.0,4.0,0.0
778,CUSTOMER_10,42aa0bc7-70de-43fc-a060-917a931414e8,2023-05-24,3.0,1.0,0.0,5.0,5.0,5.0
779,CUSTOMER_10,5f775a7a-25df-4c07-9806-5baefa5fafdb,2023-06-24,1.0,1.0,1.0,2.0,1.0,0.0
780,CUSTOMER_12,2537e0d6-c4bd-4b59-bfd9-c96fee5a8856,2023-06-27,2.0,1.0,2.0,5.0,3.0,4.0
781,CUSTOMER_10,795235ad-4ba9-4d78-b498-75d0a5b1c799,2023-04-23,5.0,5.0,5.0,4.0,3.0,2.0
782,CUSTOMER_3,0a42be3f-e671-4582-ba9e-8394bb4ccb14,2023-02-24,0.0,4.0,2.0,2.0,4.0,3.0
783,CUSTOMER_19,5b7e24ca-722b-4439-b869-d3c9d743b5a8,2023-02-05,1.0,0.0,2.0,5.0,4.0,4.0
784,CUSTOMER_16,c4605896-ef87-4f0d-8802-2f8e38de6b6e,2023-04-18,2.0,0.0,3.0,4.0,5.0,5.0
785,CUSTOMER_2,31c77a44-64f8-4226-8304-81c2f9d09e26,2023-07-10,4.0,4.0,3.0,4.0,4.0,5.0
786,CUSTOMER_11,da92e740-b749-46cb-a5df-c8fa65c65c7b,2023-06-16,0.0,3.0,2.0,0.0,3.0,2.0
787,CUSTOMER_11,dfd23d15-7211-4575-ba3e-fd034edeae5f,2023-08-06,0.0,1.0,0.0,5.0,4.0,3.0
788,CUSTOMER_9,f8698e93-ba5e-4066-8e40-924a29ee29f4,2023-06-14,3.0,1.0,5.0,4.0,4.0,1.0
789,CUSTOMER_6,de162c17-fd06-4179-b980-3efa4da08e48,2023-07-24,0.0,0.0,0.0,3.0,0.0,0.0
790,CUSTOMER_13,6a1d9731-45f8-414d-aa16-ce6ea388ca32,2023-03-09,4.0,3.0,1.0,1.0,3.0,1.0
791,CUSTOMER_12,0acfc6ac-7d97-44fe-8dca-39084a1a4219,2023-04-28,0.0,2.0,1.0,4.0,0.0,1.0
792,CUSTOMER_0,433ecd2c-276e-4d67-80a0-586eca8d5d5a,2023-04-27,5.0,5.0,1.0,0.0,4.0,5.0
793,CUSTOMER_9,e8239943-7dec-4605-adeb-57f96acac954,2023-09-25,4.0,1.0,0.0,0.0,4.0,3.0
794,CUSTOMER_2,94c0b9e0-5c9c-4570-bedd-62a79950f11a,2023-07-06,3.0,3.0,5.0,5.0,5.0,3.0
795,CUSTOMER_3,93447b2f-bba3-4668-8334-e5245f8a2e3c,2023-01-07,4.0,1.0,4.0,0.0,5.0,2.0
796,CUSTOMER_14,5b7d9d2d-22af-4503-b17a-ff6de0d96670,2023-03-05,3.0,2.0,3.0,3.0,5.0,2.0
797,CUSTOMER_1,a391ffdb-8794-4c7e-8aaa-7f994a34041e,2023-01-30,0.0,1.0,5.0,1.0,1.0,4.0
798,CUSTOMER_5,50f32ab5-df58-4eff-9296-5cf38b30bb4c,2023-09-24,5.0,2.0,2.0,5.0,1.0,0.0
799,CUSTOMER_17,24caabcb-d2c4-4286-9a04-61c9947defcf,2023-01-06,4.0,4.0,0.0,2.0,0.0,3.0
800,CUSTOMER_10,1a380e8e-29bc-4734-a929-66beebc095f5,2023-03-26,4.0,4.0,1.0,1.0,1.0,4.0
801,CUSTOMER_16,8d15baef-b669-4d0a-8837-6bbcd89806fd,2023-09-30,1.0,3.0,3.0,0.0,3.0,1.0
802,CUSTOMER_0,b0e8b2fa-4fc3-4759-9924-48ee7ac1b4f9,2023-05-21,1.0,3.0,3.0,4.0,2.0,1.0
803,CUSTOMER_9,1e5c5da8-d087-4dcb-be94-f1cb075cc8eb,2023-03-28,1.0,5.0,4.0,5.0,2.0,2.0
804,CUSTOMER_4,141f746e-fb29-4f36-a155-fba835b823e4,2023-06-14,4.0,0.0,0.0,3.0,5.0,0.0
805,CUSTOMER_6,a8e7ebe3-cb05-4a14-8865-1a6e1b99eb83,2023-07-19,2.0,0.0,3.0,0.0,3.0,0.0
806,CUSTOMER_2,c12a34f4-02a1-4629-aae6-f1a14d38a8d0,2023-02-07,3.0,4.0,0.0,4.0,3.0,1.0
807,CUSTOMER_11,d88a617b-2543-48df-973d-5030077d8688,2023-10-17,4.0,4.0,3.0,2.0,1.0,4.0
808,CUSTOMER_19,117e894e-91fa-41c7-8141-bb373de814ac,2023-02-08,0.0,0.0,5.0,1.0,4.0,2.0
809,CUSTOMER_5,011bb348-8981-4f35-8107-50bce6d33572,2023-10-09,3.0,1.0,0.0,5.0,0.0,2.0
810,CUSTOMER_18,f52ef4a6-ac6c-4e1b-b08d-f0942f64672f,2023-02-11,2.0,2.0,2.0,3.0,5.0,4.0
811,CUSTOMER_7,fc0f94cd-c2eb-4aa2-9ce3-70ed685707ac,2023-05-03,0.0,3.0,4.0,4.0,2.0,3.0
812,CUSTOMER_11,b8ddf15d-8ea0-45f0-89cc-253fb4693ec4,2023-01-16,4.0,2.0,4.0,0.0,5.0,2.0
813,CUSTOMER_14,afe2487f-4fdf-4f5d-bc75-ed5399b32070,2023-06-22,4.0,4.0,4.0,2.0,3.0,1.0
814,CUSTOMER_2,79c5f45a-cd6c-48dd-974f-9844e50ea3ec,2023-09-21,5.0,1.0,2.0,5.0,4.0,5.0
815,CUSTOMER_3,a8969e70-85cd-4384-b024-979265787d0c,2023-09-20,1.0,0.0,3.0,3.0,5.0,5.0
816,CUSTOMER_18,ecdfd364-bdce-4f65-9a0a-7680fa42156e,2023-03-07,2.0,2.0,2.0,2.0,1.0,4.0
817,CUSTOMER_12,6cb96a2c-d68e-41f0-bb9d-58321f6d5768,2023-10-09,4.0,2.0,2.0,4.0,4.0,5.0
818,CUSTOMER_12,9a690cad-aaab-4830-b9cf-c04f5b29317a,2023-06-07,5.0,4.0,2.0,1.0,0.0,0.0
819,CUSTOMER_3,3b172319-7f4d-45b9-bd45-7a09402d35e8,2023-09-02,1.0,0.0,0.0,5.0,4.0,0.0
820,CUSTOMER_15,2dd93719-f8d9-4f33-86d9-03c0ad987301,2023-05-29,3.0,5.0,4.0,1.0,3.0,4.0
821,CUSTOMER_19,a93c9413-1396-4289-829a-988f18a95210,2023-10-19,5.0,3.0,1.0,1.0,1.0,5.0
822,CUSTOMER_15,8add3976-42fc-4edf-813a-3aa57d810c21,2023-05-14,5.0,4.0,2.0,0.0,1.0,0.0
823,CUSTOMER_12,605797cf-da55-4825-9086-f384733ac54f,2023-06-21,1.0,0.0,4.0,1.0,3.0,5.0
824,CUSTOMER_9,7dd19b8f-2a05-4b69-b4c0-4bdfe27bb6c4,2023-06-17,1.0,2.0,4.0,3.0,1.0,4.0
825,CUSTOMER_15,8a159e92-af74-4e63-8dc4-c81fa8fae904,2023-08-11,3.0,3.0,2.0,1.0,1.0,0.0
826,CUSTOMER_12,f88afc64-974e-4b87-bea4-13e5436d977b,2023-05-27,4.0,5.0,1.0,2.0,2.0,0.0
827,CUSTOMER_0,d6415102-20d1-468f-8b8c-e21f97289c5e,2023-05-23,3.0,5.0,4.0,0.0,1.0,2.0
828,CUSTOMER_12,fdf02450-585b-4b17-ad9b-1eb118ebeed7,2023-05-19,2.0,2.0,2.0,5.0,2.0,1.0
829,CUSTOMER_7,15bebdd0-97b0-47ce-8fe5-c13ba5e8c198,2023-09-25,1.0,2.0,4.0,2.0,5.0,0.0
830,CUSTOMER_17,a863782e-75fe-4857-8991-946d537c64b0,2023-06-14,2.0,4.0,0.0,2.0,5.0,5.0
831,CUSTOMER_15,51071545-fc5b-44bd-85b1-49a096867676,2023-05-27,5.0,3.0,2.0,4.0,2.0,3.0
832,CUSTOMER_3,5601f6a5-34b6-485d-acd4-180ab0dc75fb,2023-07-12,3.0,5.0,3.0,1.0,4.0,2.0
833,CUSTOMER_11,7f383a3e-33a6-4403-af9d-1d74f82c6ad8,2023-09-04,4.0,4.0,3.0,2.0,1.0,0.0
834,CUSTOMER_9,cdfa76af-66eb-43b0-92d2-408eff08c739,2023-03-29,5.0,5.0,5.0,5.0,2.0,0.0
835,CUSTOMER_18,910171d2-1138-478b-85fb-3e8a563b04fa,2023-11-08,0.0,3.0,2.0,1.0,2.0,0.0
836,CUSTOMER_9,6ed338be-4cc6-467e-8ddb-3f9e81300e68,2023-09-15,0.0,2.0,4.0,3.0,1.0,2.0
837,CUSTOMER_19,c370f2e2-abeb-4f49-b406-ca3283ef3ce9,2023-08-01,3.0,0.0,2.0,5.0,1.0,1.0
838,CUSTOMER_18,f64d4de0-a92a-4880-b684-13397fcbcf31,2023-10-16,2.0,2.0,1.0,4.0,4.0,3.0
839,CUSTOMER_18,85b375aa-0f54-4781-a073-3e57ba0371f9,2023-03-19,2.0,3.0,5.0,1.0,3.0,5.0
840,CUSTOMER_9,5193412d-6906-4118-af75-a3b2d8186112,2023-01-26,5.0,1.0,2.0,2.0,0.0,5.0
841,CUSTOMER_5,3c73013b-99ea-4bbd-afd5-b90b41a67c90,2023-06-07,0.0,0.0,1.0,1.0,3.0,1.0
842,CUSTOMER_9,fdc56285-8f50-411f-bc42-049476d32b96,2023-06-19,3.0,5.0,0.0,1.0,1.0,2.0
843,CUSTOMER_4,cdb4adab-ca27-4d69-8226-4ba40775d778,2023-04-18,5.0,4.0,2.0,5.0,2.0,5.0
844,CUSTOMER_15,dc0db266-0e29-4d9a-8518-bd4dc840789b,2023-02-02,5.0,4.0,0.0,0.0,0.0,2.0
845,CUSTOMER_2,b9676dc6-d6fd-41a5-b173-12f4659ae9f2,2023-02-24,4.0,0.0,1.0,5.0,1.0,0.0
846,CUSTOMER_16,f31dde25-9496-434f-9438-231daa0a2259,2023-10-29,1.0,2.0,3.0,0.0,1.0,4.0
847,CUSTOMER_3,544c14d1-503b-48c3-8e83-0e27c5efd670,2023-08-15,5.0,5.0,5.0,3.0,2.0,1.0
848,CUSTOMER_3,4648bbe8-f84c-47a9-b6cf-d2d52cd6e8df,2023-06-20,2.0,2.0,1.0,0.0,1.0,4.0
849,CUSTOMER_11,51057c35-1ceb-48fe-b2de-b798b31a25b5,2023-07-31,5.0,3.0,0.0,1.0,2.0,1.0
850,CUSTOMER_11,d2450039-5e24-496e-b736-3ad979a8226b,2023-04-30,4.0,5.0,3.0,0.0,0.0,0.0
851,CUSTOMER_7,4f2c386f-627b-4edd-8d7f-937140c37cbc,2023-09-06,2.0,5.0,1.0,4.0,5.0,3.0
852,CUSTOMER_12,649a0bf9-f5f3-443a-a8e7-f03002038340,2023-04-10,5.0,0.0,4.0,2.0,3.0,1.0
853,CUSTOMER_14,cfef7811-e124-43f2-9132-fe68a1a054a9,2023-10-25,4.0,3.0,4.0,2.0,3.0,3.0
854,CUSTOMER_15,d7567d35-ed2e-4bea-a9b7-d533bca83a82,2023-05-10,5.0,0.0,5.0,5.0,4.0,4.0
855,CUSTOMER_2,baaeebf8-9a24-4525-abbe-2bd65a1341e7,2023-11-12,4.0,5.0,3.0,3.0,5.0,0.0
856,CUSTOMER_5,a41f0d38-ca80-4df8-b182-fcf2a151ed02,2023-02-22,3.0,3.0,0.0,5.0,4.0,2.0
857,CUSTOMER_18,3fe604f4-2867-4d3b-9c5f-3cba150d28eb,2023-07-20,3.0,1.0,4.0,5.0,2.0,2.0
858,CUSTOMER_14,222db2cf-bc34-4d5d-9f9e-14257a7628e6,2023-04-12,1.0,5.0,2.0,2.0,3.0,1.0
859,CUSTOMER_2,64bc08cf-2e90-4b5c-9e1b-015f6a1c701b,2023-05-27,4.0,1.0,4.0,0.0,5.0,5.0
860,CUSTOMER_19,16c72b1a-e826-4ac7-ba8c-8ed5a06aa68a,2023-06-29,3.0,2.0,0.0,0.0,5.0,4.0
861,CUSTOMER_13,16ccb813-2635-43ba-8299-b35199b3568d,2023-05-23,1.0,4.0,4.0,0.0,4.0,3.0
862,CUSTOMER_14,1e56d346-7e80-4d05-ac71-b531d3c724e8,2023-03-29,4.0,1.0,4.0,2.0,1.0,3.0
863,CUSTOMER_4,999f0691-34e4-40bf-9b38-f3066e6a3d5b,2023-03-25,2.0,5.0,5.0,1.0,5.0,1.0
864,CUSTOMER_13,4a4a15ea-075d-4cd4-a55c-82c7cadee3ec,2023-04-12,2.0,4.0,4.0,1.0,2.0,4.0
865,CUSTOMER_14,2219b7f7-7808-4004-82a4-58e115f2f85a,2023-05-06,1.0,5.0,1.0,5.0,3.0,5.0
866,CUSTOMER_13,12b3c5eb-4198-4029-98e1-d54cbc715183,2023-02-07,5.0,0.0,0.0,2.0,3.0,3.0
867,CUSTOMER_11,abb8fe95-f077-471b-9b3b-5b4cff2a50c0,2023-11-08,3.0,5.0,0.0,0.0,1.0,4.0
868,CUSTOMER_19,650ad9aa-fa3f-412e-8d71-1f28618521ab,2023-09-18,3.0,1.0,4.0,0.0,3.0,1.0
869,CUSTOMER_8,ee29e80e-7e2a-403a-80f5-8b812b7c5ee3,2023-05-12,4.0,1.0,1.0,2.0,4.0,3.0
870,CUSTOMER_4,0b4e360a-5032-4fe6-9de9-5c7242a9f7e5,2023-02-19,1.0,2.0,3.0,3.0,2.0,2.0
871,CUSTOMER_19,4385a3e3-ed3d-4159-82f5-da5fd45ff4db,2023-07-20,4.0,3.0,0.0,2.0,2.0,1.0
872,CUSTOMER_17,a2fba345-a84c-4488-ac40-14c6da6069f3,2023-11-06,2.0,0.0,1.0,1.0,5.0,1.0
873,CUSTOMER_5,29debccc-429e-49bd-b862-246c092e44b7,2023-10-02,3.0,3.0,0.0,3.0,5.0,3.0
874,CUSTOMER_11,7c360908-8f94-4977-b582-ef0cfd2336f4,2023-06-27,2.0,0.0,3.0,0.0,1.0,0.0
875,CUSTOMER_6,d5bf85f3-2e3f-474c-88bb-db12de4097c3,2023-03-07,2.0,2.0,2.0,5.0,2.0,1.0
876,CUSTOMER_18,86a8f21a-010e-422b-b8bc-920cff7d39f7,2023-10-25,2.0,1.0,0.0,0.0,3.0,3.0
877,CUSTOMER_3,48c6a7ed-06a5-44ec-9422-ea97e32a8787,2023-09-22,4.0,0.0,4.0,2.0,2.0,0.0
878,CUSTOMER_10,75d1d776-14c0-4f6d-8764-51d3275dd459,2023-10-02,2.0,3.0,5.0,5.0,1.0,4.0
879,CUSTOMER_0,a7faf009-0b39-4e89-b842-e16354555290,2023-08-30,3.0,2.0,5.0,1.0,1.0,0.0
880,CUSTOMER_9,be69ad39-0e37-4b07-8c53-5c3e52bb530d,2023-01-28,1.0,4.0,2.0,0.0,5.0,2.0
881,CUSTOMER_5,dd926cbf-c558-4a17-b70d-78a03d75e423,2023-06-04,4.0,0.0,5.0,1.0,0.0,3.0
882,CUSTOMER_9,a770c217-f455-4f73-80a7-ad9ca5accd5a,2023-03-01,1.0,2.0,4.0,3.0,2.0,5.0
883,CUSTOMER_19,189ac35d-aa5f-49ca-9bea-530d219c00cb,2023-05-23,0.0,1.0,5.0,3.0,0.0,3.0
884,CUSTOMER_8,1718cfde-6c4e-4a8c-99af-ee6490248225,2023-10-21,4.0,2.0,5.0,1.0,2.0,5.0
885,CUSTOMER_13,577c9717-836a-4887-8a5a-269817cb67b8,2023-06-30,2.0,1.0,0.0,5.0,2.0,3.0
886,CUSTOMER_16,157f108b-8651-4886-a5b0-9024a12ad119,2023-04-23,0.0,3.0,4.0,3.0,5.0,1.0
887,CUSTOMER_4,d76f0813-4ce7-44d7-a724-b119af2f32a7,2023-04-07,2.0,3.0,1.0,4.0,0.0,4.0
888,CUSTOMER_2,1b8dc821-836f-424b-8b8b-56f7ead44e11,2023-07-18,4.0,3.0,4.0,3.0,5.0,5.0
889,CUSTOMER_18,413e84bd-5aff-4594-80dd-8895d0154898,2023-08-16,1.0,4.0,5.0,0.0,3.0,3.0
890,CUSTOMER_5,6498da39-d7c8-402c-aea5-312ac942e6e8,2023-01-18,4.0,3.0,0.0,2.0,5.0,5.0
891,CUSTOMER_14,9fb209b1-732f-4932-ab96-2697c1e1f813,2023-11-10,3.0,2.0,2.0,1.0,0.0,0.0
892,CUSTOMER_19,1b387c72-ac64-4459-9f22-367d4262a48c,2023-06-18,4.0,0.0,4.0,3.0,0.0,0.0
893,CUSTOMER_5,b11a3696-75cd-4e5c-ba24-8720a7e29299,2023-06-07,0.0,5.0,1.0,5.0,1.0,2.0
894,CUSTOMER_19,5c58b8ba-9de2-4d3f-b952-f1e8d029733c,2023-09-26,1.0,5.0,0.0,3.0,1.0,0.0
895,CUSTOMER_4,1ca64c33-30d8-47cd-838d-5f5a2296d3f6,2023-01-07,5.0,0.0,4.0,3.0,2.0,1.0
896,CUSTOMER_7,dbb24c33-a045-4992-9793-30f16f8fd55c,2023-11-03,2.0,1.0,4.0,2.0,3.0,1.0
897,CUSTOMER_15,2a85e3b1-1dd0-4ecd-8595-c9a36c0046f0,2023-03-01,0.0,3.0,3.0,0.0,3.0,4.0
898,CUSTOMER_7,d456e29d-91c6-41cf-8b7a-123e338aea2d,2023-06-02,5.0,2.0,3.0,0.0,3.0,5.0
899,CUSTOMER_13,7ee667de-d93e-4a4d-aa6a-642bfabfa7ef,2023-10-14,0.0,4.0,3.0,2.0,5.0,3.0
900,CUSTOMER_12,b98050a6-974e-498d-836b-47c37c711cc8,2023-08-26,3.0,3.0,3.0,5.0,1.0,4.0
901,CUSTOMER_0,8da22a39-50db-4e34-938f-2b906c087d6c,2023-01-25,0.0,5.0,2.0,3.0,1.0,3.0
902,CUSTOMER_19,72c573e9-58c5-4875-a56c-0a56f05ff9c3,2023-09-28,5.0,0.0,3.0,2.0,0.0,3.0
903,CUSTOMER_11,383e69a4-81f4-4dfd-bb6b-1c0d702805af,2023-08-17,4.0,2.0,5.0,5.0,3.0,3.0
904,CUSTOMER_4,b61d56f5-b916-4357-8b1b-df3be217a6df,2023-06-01,4.0,5.0,5.0,5.0,3.0,3.0
905,CUSTOMER_5,b0d18df1-484f-4db9-b50b-9f519f310fff,2023-10-18,0.0,5.0,4.0,1.0,1.0,1.0
906,CUSTOMER_5,cb21aa80-19d4-439a-bdff-e27d9b125dfb,2023-06-11,5.0,2.0,5.0,1.0,2.0,0.0
907,CUSTOMER_0,5b673a25-42c4-4041-a183-10035bd972c7,2023-09-20,5.0,1.0,0.0,0.0,4.0,2.0
908,CUSTOMER_13,1ee56930-3a08-4f6a-9e18-9a981d2d1771,2023-08-07,3.0,3.0,3.0,2.0,5.0,0.0
909,CUSTOMER_17,da78f4c5-26b3-403a-a575-13a5447a4e2c,2023-09-26,0.0,4.0,0.0,0.0,2.0,3.0
910,CUSTOMER_14,1c65f6bd-c179-4596-9772-e63ef6700a62,2023-02-11,0.0,4.0,4.0,4.0,4.0,4.0
911,CUSTOMER_3,def14d58-1e39-4331-a142-d68f2ac38bd3,2023-03-21,0.0,1.0,1.0,5.0,1.0,4.0
912,CUSTOMER_15,277fecc6-196b-48f1-9ed8-9c47bb88854e,2023-09-09,2.0,2.0,0.0,0.0,1.0,3.0
913,CUSTOMER_13,3ecd0888-01af-4939-84df-5b8dc4eb8e5d,2023-11-11,3.0,2.0,0.0,4.0,1.0,0.0
914,CUSTOMER_8,6a3e0103-c13d-4929-b717-548d5f57fd27,2023-05-21,4.0,5.0,3.0,1.0,5.0,3.0
915,CUSTOMER_7,69d53317-6dc7-4587-8d40-b648235398a6,2023-06-08,2.0,4.0,0.0,2.0,5.0,3.0
916,CUSTOMER_4,ce6631cb-b7b6-41ee-828b-ffb6c528ac36,2023-07-20,5.0,0.0,3.0,2.0,2.0,1.0
917,CUSTOMER_13,097ef98d-c25a-4eb3-a4ad-19050fbc6377,2023-09-14,0.0,1.0,3.0,0.0,3.0,5.0
918,CUSTOMER_16,66e9a80e-6b57-4789-8bb4-9889f9005224,2023-09-22,1.0,2.0,3.0,2.0,1.0,2.0
919,CUSTOMER_16,b3468999-2598-4c54-aba2-a67c9c433e67,2023-06-06,1.0,5.0,4.0,4.0,4.0,4.0
920,CUSTOMER_14,cfd42949-e33e-4976-9862-5813b28d7506,2023-10-31,5.0,3.0,1.0,2.0,3.0,0.0
921,CUSTOMER_17,b8088e14-b9a0-4137-a3d6-9dd855a15414,2023-10-15,5.0,4.0,2.0,2.0,2.0,0.0
922,CUSTOMER_16,5738b277-8576-4472-8fef-c63f8d41d660,2023-10-22,0.0,1.0,5.0,0.0,3.0,4.0
923,CUSTOMER_8,4dcf2615-c62f-4461-950c-f57e3dc8719c,2023-10-10,2.0,4.0,2.0,5.0,5.0,2.0
924,CUSTOMER_8,1fb235c4-5abe-43fa-81eb-7abba08262df,2023-01-19,3.0,0.0,5.0,2.0,2.0,5.0
925,CUSTOMER_0,3c70dfca-fba2-45f1-96c7-6990740173c1,2023-11-09,3.0,4.0,1.0,5.0,5.0,4.0
926,CUSTOMER_7,aabb6cac-48d7-4165-8c98-7a1b59afb1d1,2023-11-01,0.0,5.0,0.0,5.0,3.0,4.0
927,CUSTOMER_7,95162359-8436-4fc7-93ed-c74f1af026df,2023-03-16,0.0,3.0,2.0,1.0,5.0,3.0
928,CUSTOMER_2,e3755867-6cc5-4071-8feb-ecad179d9ae3,2023-02-20,4.0,1.0,4.0,0.0,5.0,5.0
929,CUSTOMER_16,84d99451-8f18-4e72-9696-dc6c671adde5,2023-10-30,2.0,2.0,0.0,3.0,4.0,3.0
930,CUSTOMER_14,7d52903f-f2a4-4575-ae58-5967b063796a,2023-10-12,0.0,1.0,5.0,4.0,3.0,3.0
931,CUSTOMER_14,83601fb5-b45b-4ad3-b7d0-eea0211f632b,2023-07-25,4.0,5.0,5.0,3.0,4.0,0.0
932,CUSTOMER_5,ebf45b9d-5e8c-4bbf-8f1c-5f8cf1ae8af9,2023-02-16,5.0,3.0,0.0,0.0,5.0,4.0
933,CUSTOMER_9,1e245a97-273e-46f4-85d4-bf0f0a4fee3b,2023-05-25,3.0,2.0,5.0,2.0,4.0,0.0
934,CUSTOMER_4,6bf843df-96f1-4d54-88a6-a0052463463c,2023-01-19,0.0,2.0,3.0,1.0,1.0,0.0
935,CUSTOMER_3,ded44617-114b-48ca-9941-0ea38c2b678e,2023-01-18,2.0,3.0,2.0,2.0,2.0,3.0
936,CUSTOMER_10,d59f2b69-79a8-432f-a097-1a15c80682d3,2023-10-07,5.0,1.0,4.0,4.0,1.0,3.0
937,CUSTOMER_14,ddc8d27b-2623-491a-b2f6-8fe1aacefa98,2023-10-10,0.0,0.0,2.0,5.0,4.0,3.0
938,CUSTOMER_12,56c890a5-6538-4f11-a676-6b0a3b9a3daf,2023-07-30,5.0,5.0,0.0,5.0,4.0,5.0
939,CUSTOMER_2,06598f83-b50b-4ff8-aa65-bae3ddaf2233,2023-08-11,2.0,5.0,3.0,4.0,5.0,0.0
940,CUSTOMER_17,9e63638c-f485-4944-b142-e0c715cc861a,2023-07-30,0.0,0.0,2.0,4.0,3.0,3.0
941,CUSTOMER_16,a8835c66-1eca-40c0-84c7-2b2ae598e5c2,2023-07-26,0.0,0.0,4.0,1.0,1.0,5.0
942,CUSTOMER_18,889654b2-ce92-4059-95ab-7cd271b905c8,2023-08-24,2.0,3.0,1.0,0.0,3.0,0.0
943,CUSTOMER_10,06289878-6a39-4607-ae35-c5c86fe05fa2,2023-07-25,3.0,3.0,4.0,0.0,5.0,0.0
944,CUSTOMER_17,2ec36411-24df-4dcc-890c-cf972b0c456b,2023-04-10,4.0,1.0,2.0,3.0,5.0,1.0
945,CUSTOMER_1,2e740569-5346-405c-b60c-2dd39d4e42f2,2023-01-11,0.0,2.0,6.0,0.0,5.0,1.0
946,CUSTOMER_13,6021a15b-4207-4b51-92ff-eff5e49c5edd,2023-02-16,0.0,1.0,2.0,4.0,3.0,1.0
947,CUSTOMER_15,62928cdc-8121-4051-809c-a132823500f9,2023-02-14,2.0,0.0,3.0,3.0,4.0,3.0
948,CUSTOMER_2,a22fc331-6851-4341-8766-699f7bf2aa06,2023-04-01,1.0,2.0,3.0,4.0,0.0,0.0
949,CUSTOMER_7,c903cc1d-a6cc-4a57-8e01-4eb3c3528ba4,2023-02-18,5.0,4.0,1.0,3.0,5.0,5.0
950,CUSTOMER_16,24722a76-f7c9-4c89-886a-ed733415c076,2023-05-25,5.0,1.0,3.0,4.0,5.0,4.0
951,CUSTOMER_14,76f36fc7-d009-4b2a-8041-9afc0ab2e2ca,2023-08-30,1.0,5.0,5.0,0.0,5.0,3.0
952,CUSTOMER_8,ae1455f4-d6e8-4ad3-803a-423a990ddc73,2023-05-28,2.0,5.0,3.0,4.0,3.0,2.0
953,CUSTOMER_1,90261d4c-88ba-435e-bd3b-17eb29529420,2023-01-28,1.0,0.0,3.0,5.0,3.0,1.0
954,CUSTOMER_17,6e951719-e0d6-4969-878a-943affb2bfe1,2023-03-23,1.0,4.0,5.0,5.0,4.0,5.0
955,CUSTOMER_8,73e5550d-b52f-4f46-80b0-8dd0fac9b5b6,2023-04-17,5.0,5.0,2.0,2.0,2.0,3.0
956,CUSTOMER_19,b11cc20e-e9fd-4972-8410-5bd15415c636,2023-02-21,0.0,0.0,4.0,3.0,0.0,0.0
957,CUSTOMER_5,b24d2a35-e530-4b87-8e48-4bc069c50d69,2023-10-01,5.0,3.0,5.0,0.0,2.0,5.0
958,CUSTOMER_2,d50372a8-e47f-4c7e-87ec-2d3289e4ec28,2023-09-18,1.0,5.0,4.0,2.0,4.0,4.0
959,CUSTOMER_11,c49968dd-d6d2-4227-ad5c-1a6163021daa,2023-11-12,1.0,0.0,0.0,2.0,3.0,3.0
960,CUSTOMER_0,c227e0f2-0510-4943-be3e-b6f738b595b9,2023-04-20,5.0,5.0,3.0,1.0,0.0,4.0
961,CUSTOMER_9,3bf85406-389d-4267-b7c2-5d94cef44098,2023-07-11,1.0,0.0,4.0,3.0,3.0,1.0
962,CUSTOMER_0,a3708c7f-d235-45df-bbf8-b1fe3232be72,2023-06-03,4.0,2.0,4.0,4.0,3.0,1.0
963,CUSTOMER_17,90d22d54-bd22-47fc-a8eb-2ba6319aed6a,2023-09-19,1.0,4.0,1.0,1.0,5.0,4.0
964,CUSTOMER_4,4276bfe1-209f-4ff2-90a7-1298bef81d85,2023-08-10,1.0,4.0,2.0,1.0,3.0,0.0
965,CUSTOMER_17,8f63c2bb-ae41-4155-80bf-6f6b9d4d0658,2023-06-26,4.0,3.0,2.0,5.0,5.0,0.0
966,CUSTOMER_10,682904ca-febf-4c56-9826-c4966ebb7a17,2023-04-17,5.0,5.0,4.0,3.0,4.0,2.0
967,CUSTOMER_16,b8a1e477-e240-4060-8b20-802fc24f3f4c,2023-03-29,3.0,2.0,3.0,4.0,3.0,2.0
968,CUSTOMER_0,14f16d92-55af-47da-b1d1-d6cb6450dd3c,2023-08-11,3.0,5.0,0.0,5.0,0.0,0.0
969,CUSTOMER_7,4f90f91a-5448-40de-aa1b-76e3326684ff,2023-01-25,2.0,5.0,1.0,0.0,3.0,3.0
970,CUSTOMER_0,ef60250e-a055-41d3-8c16-ab4e97b018b0,2023-05-10,3.0,1.0,3.0,3.0,3.0,2.0
971,CUSTOMER_1,cb4addc6-8509-4c78-9566-0d8ed25697ad,2023-04-02,2.0,4.0,3.0,3.0,0.0,5.0
972,CUSTOMER_14,f97a822c-15e5-4a0f-9ff4-9f0a94350cb1,2023-01-24,1.0,3.0,5.0,5.0,0.0,1.0
973,CUSTOMER_1,0e06a416-7121-4097-8d69-3dabeb4b2c0c,2023-04-28,0.0,5.0,1.0,0.0,5.0,5.0
974,CUSTOMER_1,d994f7ba-4b7f-4a4c-8d5d-2f648f2b892b,2023-05-29,4.0,0.0,5.0,3.0,2.0,4.0
975,CUSTOMER_19,76d6682f-6248-453e-b412-c27202b71c51,2023-11-05,4.0,4.0,0.0,0.0,4.0,5.0
976,CUSTOMER_0,967aefbb-5404-401d-8468-1060743e5fef,2023-03-16,5.0,0.0,3.0,4.0,3.0,4.0
977,CUSTOMER_6,a32a4516-2040-44fb-92be-07c4e784cabe,2023-07-17,3.0,2.0,1.0,3.0,4.0,3.0
978,CUSTOMER_5,0b483935-cc09-4e64-a33e-84ac3e3f3da0,2023-01-24,2.0,2.0,1.0,3.0,5.0,5.0
979,CUSTOMER_11,8a8864c7-e29d-4722-956b-212f4faa0851,2023-10-29,4.0,1.0,2.0,2.0,4.0,2.0
980,CUSTOMER_9,8486b704-0211-46ca-b863-af2d5e6ba460,2023-08-16,4.0,5.0,2.0,0.0,2.0,4.0
981,CUSTOMER_17,5804550b-6c0c-42f9-8dfa-be46dbd3e865,2023-03-17,1.0,5.0,2.0,0.0,1.0,1.0
982,CUSTOMER_15,77a7aed0-fb5f-4290-b11c-7dffb1dd348c,2023-08-21,1.0,4.0,5.0,2.0,3.0,2.0
983,CUSTOMER_13,744d2442-1ad7-4fd4-a98b-2e78542060ce,2023-11-03,0.0,3.0,1.0,0.0,1.0,1.0
984,CUSTOMER_7,3d305a07-3690-4edb-9fb9-38e0776ef3e6,2023-07-06,3.0,5.0,0.0,1.0,0.0,1.0
985,CUSTOMER_0,5b9e75f4-12e0-4b9c-8288-49d95ce195be,2023-01-12,8.0,0.0,2.0,2.0,7.0,1.0
986,CUSTOMER_18,0b3d58ad-5c23-4306-83f9-f409e9a74800,2023-01-12,0.0,1.0,3.0,1.0,0.0,2.0
987,CUSTOMER_5,3ef7839f-8df4-497b-98f8-001856fe4769,2023-03-11,1.0,0.0,1.0,2.0,0.0,0.0
988,CUSTOMER_4,e2901d96-c993-4819-a7a5-81e8610114f4,2023-02-13,5.0,1.0,4.0,3.0,1.0,2.0
989,CUSTOMER_11,86e4abac-f0ef-4a1e-abde-3c78a9315044,2023-11-07,1.0,3.0,2.0,0.0,2.0,1.0
990,CUSTOMER_6,b1c12d4b-60d1-4c16-8855-817d31120678,2023-05-26,1.0,4.0,5.0,5.0,2.0,0.0
991,CUSTOMER_19,8914741c-dabc-47ce-b068-ffdd965afd0f,2023-04-25,1.0,2.0,5.0,0.0,2.0,2.0
992,CUSTOMER_4,95866982-f7e8-48a2-821d-f2cfd9fc13b8,2023-07-09,0.0,5.0,1.0,3.0,4.0,4.0
993,CUSTOMER_2,c055b921-635b-4f49-8234-83a82adcecb5,2023-09-08,4.0,2.0,3.0,4.0,1.0,1.0
994,CUSTOMER_10,b1cb62d0-8685-42d2-9fb6-8406b6658a34,2023-07-07,5.0,3.0,5.0,4.0,2.0,5.0
995,CUSTOMER_18,3832dfc1-350b-4860-895e-e97ca6552e7f,2023-03-20,3.0,1.0,1.0,1.0,5.0,3.0
996,CUSTOMER_12,d7a998ea-ef7c-4b39-a83e-deec92455468,2023-05-26,2.0,4.0,3.0,1.0,3.0,2.0
997,CUSTOMER_14,957e8c66-3aec-4af8-9a00-d0f284d16f5e,2023-01-16,2.0,4.0,5.0,2.0,0.0,3.0
998,CUSTOMER_14,cdf40137-5e15-433b-a8b1-211a6eb8b0e2,2023-07-13,4.0,2.0,4.0,0.0,2.0,3.0
999,CUSTOMER_7,5bed83be-136d-4cce-a535-f9d743fffdea,2023-02-02,5.0,4.0,0.0,4.0,3.0,0.0
